Date,Price,Open,High,Low,Vol.,Change %
"Mar 17, 2021",58913.50,"56,892.90","58,933.20","54,253.20",118.26K,3.56%
"Mar 16, 2021",56889.70,"55,619.50","56,889.70","53,342.60",128.51K,1.97%
"Mar 15, 2021",55791.30,"59,117.40","60,565.90","55,088.80",117.71K,-5.62%
"Mar 14, 2021",59113.70,"61,192.70","61,673.70","59,113.70",80.29K,-3.40%
"Mar 13, 2021",61195.30,"57,267.40","61,795.80","56,118.80",134.64K,6.86%
"Mar 12, 2021",57265.10,"57,806.20","58,052.30","55,134.50",116.96K,-0.92%
"Mar 11, 2021",57799.50,"55,851.20","58,135.00","54,351.80",129.63K,3.49%
"Mar 10, 2021",55851.90,"54,882.70","57,328.70","53,073.60",140.96K,1.77%
"Mar 09, 2021",54879.00,"52,352.40","54,880.60","51,941.30",114.06K,4.91%
"Mar 08, 2021",52311.00,"50,988.90","52,384.90","49,338.10",68.14K,2.61%
"Mar 07, 2021",50982.30,"48,899.00","51,434.10","48,890.60",82.91K,4.35%
"Mar 06, 2021",48855.60,"48,798.70","49,191.80","47,132.80",66.66K,0.13%
"Mar 05, 2021",48792.50,"48,363.60","49,429.40","46,370.10",113.64K,0.75%
"Mar 04, 2021",48428.00,"50,388.00","51,757.70","47,521.80",9.56K,-3.90%
"Mar 03, 2021",50395.10,"48,422.20","52,567.90","48,159.20",44.93K,4.07%
"Mar 02, 2021",48424.20,"49,595.60","50,191.90","47,100.60",102.10K,-2.36%
"Mar 01, 2021",49595.50,"45,160.50","49,774.00","45,008.80",137.52K,9.81%
"Feb 28, 2021",45164.00,"46,136.00","46,582.00","43,100.60",135.08K,-2.11%
"Feb 27, 2021",46136.70,"46,333.10","48,335.10","45,059.40",98.75K,-0.45%
"Feb 26, 2021",46345.60,"46,928.50","48,413.90","44,248.20",189.41K,-1.24%
"Feb 25, 2021",46928.50,"49,695.90","52,013.80","46,773.70",83.22K,-5.57%
"Feb 24, 2021",49697.50,"48,911.10","51,311.80","47,031.70",153.75K,1.61%
"Feb 23, 2021",48911.20,"54,114.10","54,115.00","45,093.80",315.07K,-9.61%
"Feb 22, 2021",54111.80,"57,437.60","57,480.80","48,353.80",244.95K,-5.78%
"Feb 21, 2021",57433.80,"55,907.60","58,335.10","55,502.70",87.26K,2.70%
"Feb 20, 2021",55923.70,"55,922.00","57,523.80","54,124.10",127.85K,0.03%
"Feb 19, 2021",55906.60,"51,590.10","56,238.50","50,816.80",139.43K,8.38%
"Feb 18, 2021",51582.20,"52,094.50","52,524.00","50,941.60",94.35K,-0.95%
"Feb 17, 2021",52079.20,"49,161.30","52,577.70","49,018.10",140.03K,5.92%
"Feb 16, 2021",49169.70,"47,934.20","50,515.80","47,044.40",141.37K,2.57%
"Feb 15, 2021",47936.30,"48,611.10","48,936.50","45,786.10",123.18K,-1.45%
"Feb 14, 2021",48643.40,"47,172.10","49,695.10","47,051.90",106.50K,3.13%
"Feb 13, 2021",47168.70,"47,373.10","48,097.30","46,270.50",89.42K,-0.43%
"Feb 12, 2021",47371.70,"47,995.00","48,927.40","46,218.60",133.73K,-1.29%
"Feb 11, 2021",47990.70,"44,834.80","48,622.10","44,041.10",145.77K,7.04%
"Feb 10, 2021",44836.00,"46,507.80","47,295.30","43,800.50",151.83K,-3.60%
"Feb 09, 2021",46508.60,"46,396.40","48,143.50","45,104.70",193.87K,0.24%
"Feb 08, 2021",46395.70,"38,853.60","46,596.40","38,057.00",248.47K,19.41%
"Feb 07, 2021",38852.90,"39,228.90","39,691.70","37,381.60",125.37K,-1.03%
"Feb 06, 2021",39256.60,"38,300.60","40,939.70","38,275.30",156.02K,2.50%
"Feb 05, 2021",38297.60,"36,976.40","38,303.60","36,640.00",100.60K,3.56%
"Feb 04, 2021",36982.10,"37,648.90","38,707.90","36,380.80",151.44K,-1.77%
"Feb 03, 2021",37646.80,"35,486.90","37,646.80","35,401.50",131.03K,6.09%
"Feb 02, 2021",35485.20,"33,514.00","35,976.10","33,462.40",120.85K,5.88%
"Feb 01, 2021",33515.70,"33,106.80","34,685.60","32,324.90",126.32K,1.23%
"Jan 31, 2021",33108.10,"34,281.60","34,348.30","32,189.90",101.92K,-3.43%
"Jan 30, 2021",34283.10,"34,300.00","34,920.90","32,908.50",128.57K,-0.05%
"Jan 29, 2021",34301.80,"33,381.70","38,546.00","31,953.30",297.73K,2.78%
"Jan 28, 2021",33374.80,"30,408.90","33,790.80","29,911.90",167.39K,9.77%
"Jan 27, 2021",30404.00,"32,499.60","32,545.40","29,290.40",194.35K,-6.46%
"Jan 26, 2021",32502.10,"32,244.10","32,917.70","30,850.00",139.84K,0.77%
"Jan 25, 2021",32252.30,"32,244.30","34,854.30","31,967.40",142.43K,0.03%
"Jan 24, 2021",32241.30,"32,088.50","33,034.80","30,982.90",88.21K,0.47%
"Jan 23, 2021",32088.90,"32,994.10","33,441.40","31,418.20",100.70K,-2.76%
"Jan 22, 2021",33000.50,"30,838.70","33,821.20","28,871.20",243.09K,7.00%
"Jan 21, 2021",30842.10,"35,472.30","35,591.10","30,101.80",253.27K,-13.06%
"Jan 20, 2021",35476.30,"35,862.10","36,384.40","33,444.50",153.61K,-1.46%
"Jan 19, 2021",36002.90,"36,630.60","37,821.00","36,001.40",79.11K,-1.67%
"Jan 18, 2021",36613.20,"35,838.20","37,436.80","34,801.00",111.52K,2.16%
"Jan 17, 2021",35839.60,"36,020.10","36,801.30","33,883.50",126.82K,-0.50%
"Jan 16, 2021",36019.50,"36,751.80","37,931.70","35,408.40",137.02K,-2.24%
"Jan 15, 2021",36845.80,"39,175.70","39,715.00","34,488.70",118.42K,-5.95%
"Jan 14, 2021",39175.70,"37,383.40","40,054.30","36,772.10",172.40K,4.80%
"Jan 13, 2021",37382.20,"34,061.20","37,764.60","32,451.90",209.93K,9.70%
"Jan 12, 2021",34076.10,"35,426.00","36,598.70","32,572.70",241.93K,-4.13%
"Jan 11, 2021",35544.30,"38,195.30","38,217.20","30,411.60",251.04K,-6.93%
"Jan 10, 2021",38192.20,"40,149.70","41,362.40","35,141.60",215.78K,-4.88%
"Jan 09, 2021",40151.90,"40,607.20","41,363.50","38,775.10",128.42K,-1.10%
"Jan 08, 2021",40599.30,"39,466.40","41,921.70","36,613.40",251.29K,2.89%
"Jan 07, 2021",39460.20,"36,798.50","40,340.90","36,361.20",249.60K,7.25%
"Jan 06, 2021",36793.20,"33,999.30","36,934.80","33,408.30",227.56K,8.24%
"Jan 05, 2021",33991.50,"32,015.40","34,414.70","30,010.50",202.13K,6.15%
"Jan 04, 2021",32022.60,"33,016.60","33,587.50","28,204.50",255.27K,-2.84%
"Jan 03, 2021",32958.90,"32,192.90","34,755.90","32,029.60",155.21K,2.38%
"Jan 02, 2021",32193.30,"29,359.70","33,233.50","29,008.00",240.87K,9.65%
"Jan 01, 2021",29359.90,"28,951.70","29,627.10","28,712.40",100.90K,1.42%
"Dec 31, 2020",28949.40,"28,866.80","29,298.80","28,025.00",136.69K,0.28%
"Dec 30, 2020",28868.70,"27,374.50","28,979.30","27,374.50",159.82K,5.45%
"Dec 29, 2020",27376.00,"27,065.30","27,390.70","25,902.80",119.57K,1.18%
"Dec 28, 2020",27057.80,"26,259.20","27,444.90","26,144.30",126.98K,3.03%
"Dec 27, 2020",26261.30,"26,460.30","28,360.30","25,858.20",231.23K,-0.73%
"Dec 26, 2020",26454.40,"24,714.70","26,826.00","24,515.10",155.77K,7.15%
"Dec 25, 2020",24689.60,"23,728.70","24,778.90","23,445.30",2.40K,4.02%
"Dec 24, 2020",23736.50,"23,253.20","23,783.70","22,737.30",104.59K,2.06%
"Dec 23, 2020",23257.90,"23,820.80","24,063.70","22,694.70",178.47K,-2.37%
"Dec 22, 2020",23823.20,"22,730.40","23,825.40","22,388.60",130.75K,4.82%
"Dec 21, 2020",22728.50,"23,474.10","24,101.90","22,015.50",154.69K,-3.18%
"Dec 20, 2020",23474.90,"23,843.60","24,280.90","23,098.90",114.09K,-1.55%
"Dec 19, 2020",23844.00,"23,127.60","24,107.10","22,797.00",133.88K,3.10%
"Dec 18, 2020",23127.90,"22,823.30","23,272.80","22,361.50",131.80K,1.33%
"Dec 17, 2020",22825.40,"21,352.30","23,738.00","21,243.10",310.74K,6.90%
"Dec 16, 2020",21352.20,"19,434.70","21,525.30","19,299.70",199.81K,9.87%
"Dec 15, 2020",19434.90,"19,273.90","19,556.30","19,076.20",98.39K,0.84%
"Dec 14, 2020",19273.80,"19,176.40","19,346.50","19,007.00",67.11K,0.51%
"Dec 13, 2020",19176.80,"18,808.10","19,403.60","18,716.80",82.45K,1.96%
"Dec 12, 2020",18808.90,"18,026.70","18,936.20","18,025.10",71.37K,4.36%
"Dec 11, 2020",18023.60,"18,250.50","18,288.30","17,600.10",111.53K,-1.23%
"Dec 10, 2020",18247.20,"18,546.10","18,551.80","17,926.80",85.31K,-1.61%
"Dec 09, 2020",18546.00,"18,322.40","18,637.90","17,658.80",129.72K,1.20%
"Dec 08, 2020",18326.60,"19,170.80","19,288.60","18,229.20",101.41K,-4.40%
"Dec 07, 2020",19170.70,"19,368.40","19,424.60","18,908.80",61.98K,-1.08%
"Dec 06, 2020",19379.90,"19,146.00","19,417.10","18,873.00",54.56K,1.22%
"Dec 05, 2020",19146.50,"18,657.50","19,172.70","18,507.10",59.44K,2.62%
"Dec 04, 2020",18658.10,"19,431.10","19,529.50","18,610.80",110.63K,-3.99%
"Dec 03, 2020",19433.30,"19,219.80","19,596.60","18,883.70",99.97K,1.12%
"Dec 02, 2020",19218.80,"18,767.90","19,335.50","18,346.70",91.92K,2.39%
"Dec 01, 2020",18770.70,"19,697.80","19,897.40","18,257.00",208.72K,-4.71%
"Nov 30, 2020",19698.10,"18,186.00","19,831.20","18,186.00",185.59K,8.32%
"Nov 29, 2020",18185.50,"17,729.70","18,336.30","17,530.40",79.12K,2.57%
"Nov 28, 2020",17730.70,"17,142.60","17,874.40","16,874.40",95.20K,3.52%
"Nov 27, 2020",17127.10,"17,160.90","17,450.30","16,481.60",138.80K,-0.20%
"Nov 26, 2020",17162.00,"18,721.90","18,894.90","16,235.20",312.07K,-8.34%
"Nov 25, 2020",18723.00,"19,151.50","19,486.70","18,527.70",146.12K,-2.24%
"Nov 24, 2020",19152.60,"18,394.60","19,416.60","18,074.80",180.79K,4.21%
"Nov 23, 2020",18379.60,"18,428.10","18,756.80","18,016.00",127.35K,-0.18%
"Nov 22, 2020",18412.90,"18,689.30","18,751.50","17,644.60",121.76K,-1.47%
"Nov 21, 2020",18687.20,"18,673.80","18,966.00","18,397.50",108.91K,0.06%
"Nov 20, 2020",18675.20,"17,805.50","18,811.00","17,758.40",134.42K,4.90%
"Nov 19, 2020",17803.50,"17,775.10","18,166.00","17,380.10",135.94K,0.16%
"Nov 18, 2020",17774.60,"17,662.30","18,466.10","17,258.90",233.43K,0.64%
"Nov 17, 2020",17662.30,"16,715.80","17,845.40","16,562.00",175.87K,5.66%
"Nov 16, 2020",16715.80,"15,954.10","16,880.70","15,870.70",118.09K,4.78%
"Nov 15, 2020",15953.00,"16,074.70","16,158.10","15,782.30",58.43K,-0.73%
"Nov 14, 2020",16071.00,"16,323.10","16,328.20","15,717.70",83.64K,-1.55%
"Nov 13, 2020",16324.20,"16,293.00","16,474.10","15,973.40",113.75K,0.18%
"Nov 12, 2020",16294.70,"15,695.80","16,342.70","15,483.50",165.54K,3.82%
"Nov 11, 2020",15695.80,"15,303.10","15,953.90","15,281.00",119.07K,2.56%
"Nov 10, 2020",15303.60,"15,328.00","15,465.30","15,096.50",93.36K,-0.15%
"Nov 09, 2020",15327.20,"15,483.30","15,819.60","14,816.90",165.04K,-1.01%
"Nov 08, 2020",15483.70,"14,826.60","15,648.30","14,720.70",94.99K,4.42%
"Nov 07, 2020",14828.40,"15,578.20","15,754.40","14,385.10",160.73K,-4.81%
"Nov 06, 2020",15577.90,"15,593.90","15,955.20","15,223.50",186.13K,-0.06%
"Nov 05, 2020",15587.10,"14,145.60","15,739.90","14,099.70",227.49K,10.19%
"Nov 04, 2020",14145.60,"14,023.00","14,238.80","13,544.40",140.80K,0.90%
"Nov 03, 2020",14019.90,"13,560.50","14,054.00","13,294.60",108.17K,3.38%
"Nov 02, 2020",13561.40,"13,759.70","13,828.40","13,214.20",97.76K,-1.44%
"Nov 01, 2020",13759.40,"13,795.50","13,889.50","13,628.70",51.71K,-0.27%
"Oct 31, 2020",13797.30,"13,560.20","14,065.40","13,441.70",102.75K,1.75%
"Oct 30, 2020",13559.90,"13,457.00","13,667.90","13,134.50",108.77K,0.76%
"Oct 29, 2020",13457.20,"13,278.30","13,640.00","12,982.90",111.23K,1.34%
"Oct 28, 2020",13278.90,"13,658.30","13,851.70","12,907.60",144.18K,-2.77%
"Oct 27, 2020",13657.80,"13,061.50","13,782.30","13,050.30",128.64K,4.56%
"Oct 26, 2020",13061.60,"13,033.00","13,229.70","12,792.40",89.47K,0.23%
"Oct 25, 2020",13032.20,"13,117.00","13,345.30","12,900.40",59.73K,-0.65%
"Oct 24, 2020",13117.20,"12,933.60","13,161.50","12,876.40",51.20K,1.42%
"Oct 23, 2020",12934.10,"12,972.70","13,025.50","12,738.90",73.94K,-0.31%
"Oct 22, 2020",12974.60,"12,805.50","13,183.90","12,698.20",113.31K,1.30%
"Oct 21, 2020",12808.70,"11,913.60","13,213.50","11,894.60",197.72K,7.51%
"Oct 20, 2020",11913.50,"11,753.90","12,029.40","11,685.70",94.59K,1.36%
"Oct 19, 2020",11753.40,"11,507.10","11,823.30","11,413.90",73.04K,2.14%
"Oct 18, 2020",11506.90,"11,362.10","11,506.90","11,349.80",31.51K,1.27%
"Oct 17, 2020",11362.10,"11,321.80","11,402.70","11,274.40",29.86K,0.35%
"Oct 16, 2020",11322.00,"11,503.20","11,542.20","11,224.60",71.42K,-1.57%
"Oct 15, 2020",11503.00,"11,421.40","11,590.90","11,276.70",70.84K,0.72%
"Oct 14, 2020",11420.40,"11,424.40","11,541.00","11,293.50",59.12K,-0.03%
"Oct 13, 2020",11423.80,"11,533.50","11,558.00","11,315.90",64.67K,-0.95%
"Oct 12, 2020",11533.90,"11,370.80","11,715.90","11,227.40",84.02K,1.43%
"Oct 11, 2020",11371.00,"11,295.60","11,439.40","11,277.60",41.06K,0.64%
"Oct 10, 2020",11298.40,"11,053.50","11,475.00","11,053.10",65.81K,2.21%
"Oct 09, 2020",11054.20,"10,923.50","11,103.00","10,836.90",70.95K,1.19%
"Oct 08, 2020",10924.10,"10,670.70","10,948.60","10,549.60",79.78K,2.37%
"Oct 07, 2020",10670.90,"10,601.00","10,680.10","10,553.30",49.27K,0.64%
"Oct 06, 2020",10602.60,"10,790.20","10,800.30","10,530.80",69.07K,-1.73%
"Oct 05, 2020",10789.50,"10,672.50","10,789.60","10,623.40",48.86K,1.09%
"Oct 04, 2020",10672.90,"10,544.40","10,693.30","10,520.80",31.40K,1.22%
"Oct 03, 2020",10544.20,"10,572.20","10,597.80","10,501.20",29.10K,-0.27%
"Oct 02, 2020",10572.30,"10,619.60","10,662.90","10,387.60",77.94K,-0.45%
"Oct 01, 2020",10620.50,"10,776.60","10,913.70","10,462.70",95.33K,-1.44%
"Sep 30, 2020",10776.10,"10,843.40","10,847.70","10,667.60",55.55K,-0.60%
"Sep 29, 2020",10840.90,"10,694.30","10,858.40","10,642.40",59.64K,1.38%
"Sep 28, 2020",10693.20,"10,776.40","10,946.60","10,685.20",72.29K,-0.77%
"Sep 27, 2020",10776.20,"10,727.90","10,799.20","10,602.70",40.92K,0.45%
"Sep 26, 2020",10727.90,"10,688.90","10,793.30","10,650.20",37.85K,0.37%
"Sep 25, 2020",10688.80,"10,739.90","10,756.00","10,558.90",71.43K,-0.47%
"Sep 24, 2020",10739.40,"10,238.10","10,787.80","10,201.00",82.95K,4.90%
"Sep 23, 2020",10237.30,"10,531.50","10,535.40","10,146.60",74.95K,-2.79%
"Sep 22, 2020",10531.50,"10,419.40","10,570.70","10,361.70",63.52K,1.10%
"Sep 21, 2020",10416.80,"10,919.90","10,987.20","10,328.50",109.85K,-4.62%
"Sep 20, 2020",10921.50,"11,081.60","11,081.60","10,772.70",53.39K,-1.45%
"Sep 19, 2020",11081.80,"10,933.00","11,177.10","10,890.70",51.63K,1.36%
"Sep 18, 2020",10933.00,"10,941.30","11,029.70","10,818.70",63.48K,-0.08%
"Sep 17, 2020",10941.30,"10,950.10","11,039.30","10,755.20",77.22K,-0.07%
"Sep 16, 2020",10949.50,"10,785.20","11,093.30","10,669.20",94.94K,1.52%
"Sep 15, 2020",10785.30,"10,675.20","10,931.80","10,627.80",91.70K,1.03%
"Sep 14, 2020",10675.30,"10,332.70","10,744.30","10,264.50",96.64K,3.38%
"Sep 13, 2020",10326.00,"10,441.70","10,579.60","10,219.40",66.12K,-1.11%
"Sep 12, 2020",10441.90,"10,390.20","10,476.80","10,275.90",48.49K,0.50%
"Sep 11, 2020",10390.20,"10,339.80","10,398.80","10,212.60",62.28K,0.49%
"Sep 10, 2020",10339.70,"10,224.30","10,480.30","10,219.20",88.01K,1.13%
"Sep 09, 2020",10224.60,"10,126.80","10,343.30","9,984.60",71.37K,0.97%
"Sep 08, 2020",10126.60,"10,376.90","10,434.40","9,877.10",113.90K,-2.41%
"Sep 07, 2020",10376.90,"10,296.40","10,400.90","9,887.00",12.40M,0.78%
"Sep 06, 2020",10296.40,"10,092.20","10,337.70","10,004.70",12.12M,2.02%
"Sep 05, 2020",10092.20,"10,472.30","10,558.70","9,897.80",14.72M,-3.63%
"Sep 04, 2020",10472.50,"10,168.70","10,614.20","9,960.30",12.50M,2.99%
"Sep 03, 2020",10168.80,"11,413.20","11,442.70","10,009.50",9.65M,-10.90%
"Sep 02, 2020",11413.30,"11,914.40","11,947.50","11,244.90",20.26M,-4.21%
"Sep 01, 2020",11914.90,"11,644.20","12,045.90","11,544.60",580.69K,2.32%
"Aug 31, 2020",11644.20,"11,701.10","11,760.20","11,563.80",496.14K,-0.49%
"Aug 30, 2020",11702.00,"11,468.10","11,704.20","11,462.60",409.36K,2.04%
"Aug 29, 2020",11468.10,"11,527.80","11,576.80","11,433.50",389.85K,-0.51%
"Aug 28, 2020",11527.40,"11,327.50","11,539.00","11,281.90",464.94K,1.77%
"Aug 27, 2020",11327.40,"11,462.30","11,580.30","11,135.30",560.59K,-1.18%
"Aug 26, 2020",11462.30,"11,324.90","11,533.60","11,254.60",513.06K,1.21%
"Aug 25, 2020",11324.80,"11,752.90","11,766.90","11,131.00",594.07K,-3.65%
"Aug 24, 2020",11753.50,"11,641.60","11,824.60","11,587.10",429.13K,0.96%
"Aug 23, 2020",11641.60,"11,661.10","11,705.40","11,520.80",377.33K,-0.17%
"Aug 22, 2020",11661.30,"11,529.20","11,677.00","11,382.10",433.98K,1.15%
"Aug 21, 2020",11529.20,"11,856.90","11,877.40","11,495.60",506.38K,-2.76%
"Aug 20, 2020",11856.90,"11,751.00","11,881.00","11,672.70",430.93K,0.91%
"Aug 19, 2020",11750.20,"11,944.40","12,013.20","11,602.60",550.26K,-1.65%
"Aug 18, 2020",11947.60,"12,283.00","12,381.40","11,842.00",606.79K,-2.73%
"Aug 17, 2020",12282.60,"11,898.80","12,444.10","11,764.00",628.41K,3.22%
"Aug 16, 2020",11899.00,"11,845.50","11,922.50","11,688.90",410.81K,0.45%
"Aug 15, 2020",11845.30,"11,751.10","11,964.00","11,711.50",499.10K,0.80%
"Aug 14, 2020",11750.80,"11,771.10","11,835.50","11,651.50",435.44K,-0.17%
"Aug 13, 2020",11770.90,"11,557.20","11,772.90","11,298.40",545.67K,1.85%
"Aug 12, 2020",11557.20,"11,390.40","11,605.40","11,190.60",549.59K,1.46%
"Aug 11, 2020",11390.40,"11,889.20","11,931.80","11,146.70",615.90K,-4.19%
"Aug 10, 2020",11889.20,"11,681.10","12,041.10","11,546.90",564.11K,1.78%
"Aug 09, 2020",11681.20,"11,764.40","11,792.80","11,527.50",303.00K,-0.71%
"Aug 08, 2020",11764.30,"11,591.60","11,805.50","11,533.50",317.06K,1.49%
"Aug 07, 2020",11592.00,"11,757.10","11,901.80","11,352.40",517.00K,-1.40%
"Aug 06, 2020",11757.10,"11,735.00","11,898.40","11,563.00",554.85K,0.19%
"Aug 05, 2020",11735.10,"11,184.80","11,771.50","11,114.50",570.83K,4.92%
"Aug 04, 2020",11184.70,"11,223.80","11,407.80","11,043.00",485.79K,-0.35%
"Aug 03, 2020",11224.40,"11,066.90","11,461.10","10,981.60",470.24K,1.42%
"Aug 02, 2020",11066.80,"11,802.60","12,061.10","10,730.70",647.95K,-6.24%
"Aug 01, 2020",11803.10,"11,333.20","11,847.70","11,226.10",611.47K,4.14%
"Jul 31, 2020",11333.40,"11,096.50","11,434.80","10,964.60",530.95K,2.14%
"Jul 30, 2020",11096.20,"11,105.80","11,164.40","10,861.60",501.14K,-0.09%
"Jul 29, 2020",11105.90,"10,908.40","11,336.50","10,771.80",576.83K,1.81%
"Jul 28, 2020",10908.50,"10,961.10","11,046.10","10,873.60",658.37K,-1.04%
"Jul 27, 2020",11022.80,"9,932.70","11,367.00","9,894.60",908.99K,10.98%
"Jul 26, 2020",9932.50,"9,690.00","10,086.60","9,645.90",415.07K,2.35%
"Jul 25, 2020",9704.10,"9,546.70","9,729.30","9,536.20",306.29K,1.65%
"Jul 24, 2020",9546.40,"9,599.20","9,626.20","9,480.50",359.16K,-0.55%
"Jul 23, 2020",9599.60,"9,513.60","9,646.50","9,451.10",425.66K,0.90%
"Jul 22, 2020",9513.70,"9,387.40","9,523.10","9,296.00",386.00K,1.35%
"Jul 21, 2020",9387.30,"9,162.30","9,426.90","9,155.10",458.99K,2.46%
"Jul 20, 2020",9162.40,"9,208.10","9,218.40","9,139.90",312.98K,-0.50%
"Jul 19, 2020",9208.00,"9,170.10","9,224.80","9,106.40",265.25K,0.41%
"Jul 18, 2020",9170.20,"9,155.80","9,198.80","9,126.70",276.40K,0.16%
"Jul 17, 2020",9155.80,"9,135.40","9,181.90","9,091.50",310.92K,0.22%
"Jul 16, 2020",9135.30,"9,198.70","9,224.20","9,052.00",429.04K,-0.69%
"Jul 15, 2020",9198.70,"9,253.60","9,270.20","9,168.70",429.84K,-0.59%
"Jul 14, 2020",9253.40,"9,243.10","9,274.80","9,135.70",453.83K,0.11%
"Jul 13, 2020",9243.60,"9,300.50","9,329.60","9,207.60",456.87K,-0.62%
"Jul 12, 2020",9300.80,"9,234.20","9,337.80","9,170.40",366.88K,0.73%
"Jul 11, 2020",9233.30,"9,285.80","9,295.50","9,184.20",353.92K,-0.56%
"Jul 10, 2020",9285.10,"9,239.00","9,309.80","9,131.90",418.47K,0.53%
"Jul 09, 2020",9235.70,"9,430.10","9,434.50","9,176.00",444.27K,-2.06%
"Jul 08, 2020",9429.90,"9,256.30","9,458.30","9,233.10",509.94K,1.88%
"Jul 07, 2020",9256.00,"9,338.80","9,371.20","9,209.30",420.55K,-0.89%
"Jul 06, 2020",9339.00,"9,080.40","9,363.00","9,063.20",510.27K,2.84%
"Jul 05, 2020",9081.00,"9,134.30","9,149.60","8,932.10",314.10K,-0.58%
"Jul 04, 2020",9134.40,"9,067.10","9,182.30","9,049.60",261.25K,0.74%
"Jul 03, 2020",9067.10,"9,085.00","9,120.40","9,050.90",333.88K,-0.20%
"Jul 02, 2020",9085.10,"9,229.90","9,259.70","8,962.10",483.10K,-1.57%
"Jul 01, 2020",9229.90,"9,135.90","9,289.00","9,101.10",366.78K,1.03%
"Jun 30, 2020",9135.40,"9,186.00","9,199.80","9,075.30",381.73K,-0.54%
"Jun 29, 2020",9185.40,"9,122.80","9,229.10","9,033.60",401.12K,0.67%
"Jun 28, 2020",9124.00,"9,008.40","9,185.50","8,950.20",329.01K,1.28%
"Jun 27, 2020",9008.30,"9,160.50","9,190.50","8,865.30",441.93K,-1.66%
"Jun 26, 2020",9160.00,"9,247.50","9,296.50","9,060.10",489.84K,-0.95%
"Jun 25, 2020",9247.50,"9,300.80","9,327.30","9,022.60",524.45K,-0.59%
"Jun 24, 2020",9302.00,"9,624.60","9,667.40","9,223.00",515.78K,-3.35%
"Jun 23, 2020",9624.60,"9,683.90","9,715.60","9,581.80",375.49K,-0.61%
"Jun 22, 2020",9683.70,"9,296.50","9,751.90","9,285.80",523.32K,4.17%
"Jun 21, 2020",9296.40,"9,358.80","9,411.20","9,288.50",335.99K,-0.67%
"Jun 20, 2020",9358.80,"9,314.00","9,394.50","9,199.80",383.44K,0.48%
"Jun 19, 2020",9314.00,"9,390.30","9,424.00","9,249.60",478.49K,-0.79%
"Jun 18, 2020",9388.10,"9,464.60","9,480.40","9,289.30",391.67K,-0.81%
"Jun 17, 2020",9464.60,"9,523.60","9,543.60","9,258.20",446.45K,-0.62%
"Jun 16, 2020",9523.50,"9,425.60","9,577.10","9,379.30",545.47K,1.04%
"Jun 15, 2020",9425.40,"9,345.50","9,489.70","8,925.60",750.90K,0.86%
"Jun 14, 2020",9345.30,"9,470.70","9,474.70","9,264.40",311.27K,-1.33%
"Jun 13, 2020",9471.30,"9,466.50","9,484.90","9,369.90",364.97K,0.05%
"Jun 12, 2020",9466.60,"9,283.70","9,547.50","9,249.40",529.28K,1.97%
"Jun 11, 2020",9283.20,"9,878.90","9,945.20","9,139.10",919.30K,-6.03%
"Jun 10, 2020",9878.80,"9,768.80","9,970.90","9,710.70",533.55K,1.13%
"Jun 09, 2020",9768.80,"9,777.70","9,857.20","9,616.60",479.55K,-0.09%
"Jun 08, 2020",9777.90,"9,743.40","9,788.20","9,662.30",431.04K,0.36%
"Jun 07, 2020",9742.60,"9,669.60","9,791.80","9,417.40",549.20K,0.76%
"Jun 06, 2020",9669.60,"9,630.80","9,733.10","9,549.50",370.85K,0.40%
"Jun 05, 2020",9631.20,"9,794.00","9,846.10","9,628.70",527.05K,-1.67%
"Jun 04, 2020",9794.40,"9,667.20","9,864.40","9,490.90",593.66K,1.32%
"Jun 03, 2020",9667.20,"9,527.00","9,667.20","9,421.70",558.12K,1.47%
"Jun 02, 2020",9527.60,"10,190.70","10,207.30","9,347.30",1.06M,-6.49%
"Jun 01, 2020",10189.30,"9,454.50","10,301.80","9,429.70",796.68K,7.77%
"May 31, 2020",9454.80,"9,692.90","9,695.60","9,406.20",645.27K,-2.45%
"May 30, 2020",9692.50,"9,424.80","9,729.90","9,352.70",720.62K,2.84%
"May 29, 2020",9424.80,"9,573.40","9,596.50","9,358.10",814.33K,-1.54%
"May 28, 2020",9572.20,"9,199.80","9,610.80","9,119.20",948.86K,4.06%
"May 27, 2020",9199.10,"8,842.30","9,210.90","8,818.60",810.89K,4.03%
"May 26, 2020",8842.50,"8,897.70","8,994.60","8,713.90",784.92K,-0.63%
"May 25, 2020",8898.20,"8,728.00","8,959.50","8,666.10",941.89K,1.95%
"May 24, 2020",8728.20,"9,177.90","9,292.00","8,724.10",1.11M,-4.89%
"May 23, 2020",9177.00,"9,169.80","9,303.20","9,098.90",812.56K,0.08%
"May 22, 2020",9169.70,"9,058.20","9,253.50","8,952.10",914.59K,1.22%
"May 21, 2020",9059.00,"9,511.60","9,567.10","8,833.60",1.41M,-4.76%
"May 20, 2020",9512.30,"9,773.00","9,829.30","9,368.40",1.15M,-2.67%
"May 19, 2020",9773.30,"9,730.80","9,883.90","9,498.70",1.16M,0.44%
"May 18, 2020",9730.70,"9,678.40","9,930.20","9,524.40",1.18M,0.55%
"May 17, 2020",9677.70,"9,376.60","9,866.00","9,327.80",1.18M,3.18%
"May 16, 2020",9379.50,"9,318.10","9,579.00","9,233.00",1.10M,0.66%
"May 15, 2020",9318.00,"9,778.60","9,819.60","9,223.20",1.56M,-4.71%
"May 14, 2020",9778.40,"9,298.70","9,887.50","9,265.80",1.77M,5.16%
"May 13, 2020",9298.70,"8,813.90","9,384.60","8,799.10",1.50M,5.50%
"May 12, 2020",8813.80,"8,569.80","8,964.50","8,542.80",1.35M,2.73%
"May 11, 2020",8579.80,"8,737.60","9,129.60","8,235.60",2.29M,-1.82%
"May 10, 2020",8738.80,"9,553.90","9,569.40","8,259.30",2.47M,-8.54%
"May 09, 2020",9554.60,"9,806.00","9,910.50","9,533.60",1.49M,-2.57%
"May 08, 2020",9806.20,"9,980.10","10,018.20","9,731.40",1.42M,-1.74%
"May 07, 2020",9979.80,"9,152.70","10,033.00","9,064.80",1.91M,9.05%
"May 06, 2020",9151.40,"9,000.60","9,373.70","8,923.60",1.62M,1.67%
"May 05, 2020",9001.00,"8,874.20","9,078.70","8,800.40",1.05M,1.42%
"May 04, 2020",8874.70,"8,885.50","8,945.50","8,553.20",1.12M,-0.12%
"May 03, 2020",8885.50,"8,966.20","9,169.90","8,742.20",1.15M,-0.90%
"May 02, 2020",8966.30,"8,821.60","8,986.20","8,771.30",890.34K,1.64%
"May 01, 2020",8821.60,"8,628.60","9,040.30","8,621.00",1.11M,2.23%
"Apr 30, 2020",8629.00,"8,770.60","9,437.50","8,425.50",2.04M,-1.62%
"Apr 29, 2020",8770.90,"7,746.70","8,918.50","7,729.70",1.83M,13.22%
"Apr 28, 2020",7746.90,"7,766.00","7,770.10","7,655.30",808.09K,-0.25%
"Apr 27, 2020",7766.00,"7,679.40","7,768.50","7,637.70",980.50K,1.13%
"Apr 26, 2020",7678.90,"7,540.40","7,679.40","7,520.50",921.59K,1.84%
"Apr 25, 2020",7540.40,"7,503.90","7,684.60","7,451.00",861.93K,0.49%
"Apr 24, 2020",7503.80,"7,491.30","7,583.50","7,423.50",951.95K,0.20%
"Apr 23, 2020",7488.50,"7,112.80","7,655.40","7,036.50",1.34M,5.28%
"Apr 22, 2020",7112.90,"6,842.50","7,137.40","6,821.80",914.18K,3.95%
"Apr 21, 2020",6842.50,"6,833.40","6,919.30","6,774.30",892.57K,0.13%
"Apr 20, 2020",6833.50,"7,122.90","7,207.50","6,771.20",1.26M,-4.06%
"Apr 19, 2020",7122.90,"7,230.90","7,238.00","7,079.10",5.93M,-1.49%
"Apr 18, 2020",7230.80,"7,035.90","7,259.40","7,031.50",796.45K,2.77%
"Apr 17, 2020",7035.80,"7,085.50","7,142.80","7,005.80",810.10K,-0.70%
"Apr 16, 2020",7085.60,"6,629.10","7,159.70","6,520.50",1.54M,6.89%
"Apr 15, 2020",6629.10,"6,851.30","6,929.50","6,615.90",1.00M,-3.24%
"Apr 14, 2020",6850.90,"6,841.80","6,970.80","6,768.60",999.53K,0.14%
"Apr 13, 2020",6841.30,"6,918.10","6,920.30","6,618.50",1.25M,-1.10%
"Apr 12, 2020",6917.60,"6,867.90","7,158.80","6,785.10",1.10M,0.73%
"Apr 11, 2020",6867.80,"6,862.70","6,931.40","6,765.10",845.58K,0.07%
"Apr 10, 2020",6863.10,"7,289.00","7,294.40","6,756.10",1.37M,-5.84%
"Apr 09, 2020",7289.00,"7,361.10","7,361.10","7,140.30",963.55K,-0.98%
"Apr 08, 2020",7361.20,"7,185.60","7,396.10","7,153.10",983.94K,2.45%
"Apr 07, 2020",7185.20,"7,332.30","7,440.30","7,101.70",1.32M,-2.01%
"Apr 06, 2020",7332.30,"6,772.80","7,335.00","6,770.10",1.53M,8.26%
"Apr 05, 2020",6772.70,"6,857.50","6,889.40","6,686.00",842.33K,-1.23%
"Apr 04, 2020",6857.40,"6,735.90","6,958.60","6,679.10",1.05M,1.80%
"Apr 03, 2020",6735.90,"6,799.90","7,026.30","6,623.60",1.35M,-0.95%
"Apr 02, 2020",6800.50,"6,638.80","7,182.70","6,567.90",1.74M,2.44%
"Apr 01, 2020",6638.50,"6,412.40","6,661.30","6,157.40",1.40M,3.52%
"Mar 31, 2020",6412.50,"6,391.10","6,513.10","6,346.30",1.05M,0.34%
"Mar 30, 2020",6391.00,"5,890.40","6,576.50","5,872.50",1.43M,8.50%
"Mar 29, 2020",5890.40,"6,233.20","6,258.80","5,889.30",916.17K,-5.51%
"Mar 28, 2020",6233.70,"6,373.40","6,374.30","6,046.50",1.26M,-2.19%
"Mar 27, 2020",6373.40,"6,725.50","6,813.70","6,322.30",1.16M,-5.23%
"Mar 26, 2020",6725.10,"6,677.90","6,772.90","6,541.70",1.18M,0.69%
"Mar 25, 2020",6678.90,"6,744.80","6,930.20","6,474.60",1.52M,-0.97%
"Mar 24, 2020",6744.60,"6,468.80","6,814.20","6,380.80",1.73M,4.26%
"Mar 23, 2020",6468.90,"5,822.00","6,564.70","5,710.80",1.88M,11.11%
"Mar 22, 2020",5822.10,"6,186.90","6,394.40","5,771.20",1.48M,-5.89%
"Mar 21, 2020",6186.20,"6,205.60","6,438.30","5,887.00",1.64M,-0.31%
"Mar 20, 2020",6205.30,"6,171.60","6,858.10","5,748.20",2.22M,0.54%
"Mar 19, 2020",6172.00,"5,359.20","6,379.50","5,256.00",2.18M,15.12%
"Mar 18, 2020",5361.40,"5,260.70","5,373.10","5,020.90",1.80M,1.91%
"Mar 17, 2020",5261.10,"5,030.20","5,432.80","4,946.50",1.89M,4.59%
"Mar 16, 2020",5030.00,"5,366.40","5,369.30","4,477.70",2.55M,-6.27%
"Mar 15, 2020",5366.30,"5,182.90","5,863.30","5,120.60",1.61M,3.54%
"Mar 14, 2020",5182.70,"5,589.40","5,634.90","5,072.20",1.69M,-7.19%
"Mar 13, 2020",5584.30,"4,815.20","5,934.30","3,869.50",4.17M,15.71%
"Mar 12, 2020",4826.00,"7,935.20","7,963.10","4,546.60",3.22M,-39.18%
"Mar 11, 2020",7935.10,"7,892.10","7,976.50","7,606.00",1.10M,0.56%
"Mar 10, 2020",7891.20,"7,933.00","8,145.50","7,740.20",1.20M,-0.53%
"Mar 09, 2020",7933.00,"8,035.80","8,158.80","7,648.70",1.54M,-1.26%
"Mar 08, 2020",8034.10,"8,887.80","8,888.00","8,015.30",1.11M,-9.61%
"Mar 07, 2020",8887.80,"9,134.20","9,180.80","8,848.70",750.65K,-2.70%
"Mar 06, 2020",9134.80,"9,060.60","9,165.20","9,004.90",1.04M,0.82%
"Mar 05, 2020",9060.30,"8,757.90","9,147.30","8,751.50",950.76K,3.45%
"Mar 04, 2020",8757.90,"8,761.30","8,840.30","8,679.70",759.69K,-0.04%
"Mar 03, 2020",8761.40,"8,906.10","8,911.70","8,669.30",1.01M,-1.61%
"Mar 02, 2020",8904.80,"8,537.50","8,961.80","8,503.10",1.02M,4.27%
"Mar 01, 2020",8540.00,"8,543.80","8,737.20","8,437.20",784.05K,-0.04%
"Feb 29, 2020",8543.70,"8,697.10","8,793.70","8,539.80",683.44K,-1.77%
"Feb 28, 2020",8697.50,"8,820.10","8,898.70","8,451.90",1.08M,-1.37%
"Feb 27, 2020",8818.60,"8,800.10","8,968.30","8,538.50",1.13M,0.21%
"Feb 26, 2020",8800.30,"9,317.10","9,368.10","8,672.00",1.32M,-5.55%
"Feb 25, 2020",9317.20,"9,662.60","9,672.30","9,269.80",937.97K,-3.57%
"Feb 24, 2020",9662.70,"9,943.20","9,981.00","9,507.00",980.00K,-2.82%
"Feb 23, 2020",9942.70,"9,655.60","9,965.60","9,653.40",775.88K,2.97%
"Feb 22, 2020",9655.70,"9,684.50","9,706.50","9,569.80",589.88K,-0.30%
"Feb 21, 2020",9684.50,"9,602.20","9,747.10","9,574.50",716.61K,0.85%
"Feb 20, 2020",9602.40,"9,611.90","9,681.40","9,448.90",870.80K,-0.07%
"Feb 19, 2020",9609.40,"10,158.60","10,230.90","9,424.30",905.95K,-5.40%
"Feb 18, 2020",10158.40,"9,701.50","10,230.10","9,601.60",945.91K,4.71%
"Feb 17, 2020",9701.40,"9,931.70","9,951.50","9,468.90",961.88K,-2.32%
"Feb 16, 2020",9932.30,"9,907.40","10,056.40","9,654.90",808.91K,0.25%
"Feb 15, 2020",9907.70,"10,336.00","10,369.80","9,831.70",808.81K,-4.12%
"Feb 14, 2020",10333.00,"10,235.50","10,372.40","10,125.20",732.51K,0.96%
"Feb 13, 2020",10235.10,"10,321.90","10,482.60","10,116.90",940.30K,-0.80%
"Feb 12, 2020",10317.70,"10,229.30","10,435.60","10,229.30",803.25K,0.86%
"Feb 11, 2020",10229.50,"9,854.00","10,314.10","9,725.10",791.28K,3.81%
"Feb 10, 2020",9854.10,"10,151.50","10,181.70","9,774.80",781.22K,-2.93%
"Feb 09, 2020",10151.50,"9,895.40","10,157.10","9,882.70",617.35K,2.59%
"Feb 08, 2020",9895.50,"9,817.30","9,931.20","9,673.20",551.31K,0.78%
"Feb 07, 2020",9818.60,"9,771.90","9,872.50","9,738.70",608.96K,0.48%
"Feb 06, 2020",9772.00,"9,611.80","9,854.90","9,536.10",778.67K,1.67%
"Feb 05, 2020",9611.80,"9,194.10","9,726.80","9,179.90",771.46K,4.54%
"Feb 04, 2020",9193.90,"9,296.50","9,347.50","9,193.90",651.68K,-1.10%
"Feb 03, 2020",9296.60,"9,334.60","9,582.80","9,243.10",701.39K,-0.41%
"Feb 02, 2020",9334.90,"9,381.50","9,465.40","9,183.10",683.37K,-0.50%
"Feb 01, 2020",9381.60,"9,349.30","9,458.80","9,301.50",458.42K,0.35%
"Jan 31, 2020",9349.10,"9,508.30","9,525.00","9,222.30",633.37K,-1.66%
"Jan 30, 2020",9507.30,"9,299.10","9,569.00","9,209.20",765.21K,2.24%
"Jan 29, 2020",9298.90,"9,377.30","9,428.70","9,250.90",749.88K,-0.84%
"Jan 28, 2020",9377.30,"8,866.60","9,389.50","8,866.60",954.20K,5.76%
"Jan 27, 2020",8866.60,"8,608.10","8,983.10","8,585.60",706.45K,3.01%
"Jan 26, 2020",8607.80,"8,341.60","8,607.80","8,304.90",468.34K,3.19%
"Jan 25, 2020",8341.60,"8,439.90","8,447.60","8,277.20",444.00K,-1.17%
"Jan 24, 2020",8439.90,"8,404.90","8,522.00","8,242.60",617.02K,0.41%
"Jan 23, 2020",8405.10,"8,678.50","8,687.30","8,309.60",722.67K,-3.15%
"Jan 22, 2020",8678.50,"8,733.00","8,805.40","8,610.80",509.06K,-0.62%
"Jan 21, 2020",8732.60,"8,642.00","8,770.30","8,524.00",540.20K,1.05%
"Jan 20, 2020",8641.90,"8,705.70","8,740.10","8,539.20",599.06K,-0.74%
"Jan 19, 2020",8706.20,"8,916.30","9,183.70","8,552.80",975.01K,-2.36%
"Jan 18, 2020",8916.30,"8,913.00","8,982.30","8,814.60",627.74K,0.04%
"Jan 17, 2020",8913.10,"8,726.70","9,005.10","8,675.90",794.11K,2.13%
"Jan 16, 2020",8726.90,"8,818.10","8,850.00","8,605.80",748.32K,-1.04%
"Jan 15, 2020",8818.30,"8,827.90","8,904.00","8,615.50",1.17M,-0.12%
"Jan 14, 2020",8829.20,"8,111.20","8,898.70","8,111.20",1.48M,8.85%
"Jan 13, 2020",8111.40,"8,188.30","8,196.70","8,068.40",610.66K,-0.93%
"Jan 12, 2020",8187.60,"8,023.30","8,189.90","7,973.10",595.22K,2.04%
"Jan 11, 2020",8024.10,"8,187.80","8,262.90","8,008.40",776.75K,-1.99%
"Jan 10, 2020",8187.10,"7,842.50","8,187.40","7,697.70",1.05M,4.40%
"Jan 09, 2020",7842.40,"8,060.00","8,065.90","7,779.20",786.50K,-2.70%
"Jan 08, 2020",8059.60,"8,154.20","8,436.40","7,900.80",1.19M,-1.18%
"Jan 07, 2020",8155.70,"7,759.10","8,182.00","7,754.10",1.01M,5.11%
"Jan 06, 2020",7759.10,"7,372.60","7,783.10","7,366.70",786.75K,5.24%
"Jan 05, 2020",7372.50,"7,376.80","7,501.00","7,345.60",628.14K,-0.06%
"Jan 04, 2020",7376.80,"7,345.10","7,433.10","7,291.40",523.91K,0.46%
"Jan 03, 2020",7343.10,"6,967.10","7,402.90","6,884.10",936.29K,5.40%
"Jan 02, 2020",6967.00,"7,199.70","7,209.60","6,901.40",632.78K,-3.23%
"Jan 01, 2020",7199.80,"7,196.40","7,259.40","7,180.00",420.28K,0.05%
"Dec 31, 2019",7196.40,"7,261.50","7,331.00","7,167.40",586.60K,-0.90%
"Dec 30, 2019",7261.80,"7,397.50","7,420.90","7,244.10",606.11K,-1.84%
"Dec 29, 2019",7397.50,"7,321.60","7,518.90","7,303.00",611.69K,1.04%
"Dec 28, 2019",7321.50,"7,261.90","7,375.90","7,256.50",610.96K,0.82%
"Dec 27, 2019",7261.70,"7,210.80","7,293.80","7,128.50",718.07K,0.70%
"Dec 26, 2019",7210.90,"7,225.00","7,414.30","7,177.30",795.09K,-0.19%
"Dec 25, 2019",7224.80,"7,268.30","7,542.40","7,150.90",625.41K,-0.60%
"Dec 24, 2019",7268.30,"7,322.40","7,433.20","7,185.70",785.54K,-0.74%
"Dec 23, 2019",7322.80,"7,496.20","7,684.00","7,276.20",952.16K,-2.31%
"Dec 22, 2019",7495.80,"7,156.30","7,501.10","7,142.00",677.94K,4.74%
"Dec 21, 2019",7156.20,"7,196.40","7,197.60","7,129.60",468.74K,-0.56%
"Dec 20, 2019",7196.40,"7,165.50","7,218.40","7,107.70",627.04K,0.43%
"Dec 19, 2019",7165.50,"7,276.40","7,354.00","7,039.30",778.72K,-1.52%
"Dec 18, 2019",7276.00,"6,613.50","7,387.70","6,462.20",1.14M,10.02%
"Dec 17, 2019",6613.30,"6,903.50","6,943.50","6,575.00",894.55K,-4.20%
"Dec 16, 2019",6903.50,"7,128.50","7,153.10","6,864.60",689.56K,-3.16%
"Dec 15, 2019",7128.50,"7,080.80","7,175.80","7,033.80",492.58K,0.67%
"Dec 14, 2019",7080.80,"7,255.20","7,267.40","7,043.30",524.56K,-2.40%
"Dec 13, 2019",7255.20,"7,208.40","7,288.00","7,200.30",503.49K,0.65%
"Dec 12, 2019",7208.00,"7,208.00","7,272.40","7,124.60",611.80K,0.00%
"Dec 11, 2019",7208.00,"7,235.80","7,284.40","7,168.80",518.40K,-0.38%
"Dec 10, 2019",7235.70,"7,356.20","7,400.30","7,192.10",609.50K,-1.63%
"Dec 09, 2019",7355.80,"7,524.80","7,626.00","7,321.60",648.66K,-2.24%
"Dec 08, 2019",7524.40,"7,510.80","7,576.40","7,416.70",499.04K,0.18%
"Dec 07, 2019",7510.90,"7,530.40","7,595.70","7,489.60",557.14K,-0.26%
"Dec 06, 2019",7530.80,"7,399.20","7,552.10","7,329.80",706.10K,1.78%
"Dec 05, 2019",7399.20,"7,204.60","7,476.30","7,184.00",780.78K,2.70%
"Dec 04, 2019",7204.40,"7,291.90","7,702.20","7,113.60",971.75K,-1.20%
"Dec 03, 2019",7291.80,"7,298.10","7,389.40","7,227.10",548.77K,-0.09%
"Dec 02, 2019",7298.20,"7,395.90","7,433.80","7,173.60",687.78K,-1.33%
"Dec 01, 2019",7396.40,"7,546.50","7,546.50","7,244.40",777.00K,-1.99%
"Nov 30, 2019",7546.60,"7,742.70","7,787.70","7,472.70",650.60K,-2.53%
"Nov 29, 2019",7742.70,"7,426.60","7,825.30","7,412.30",766.71K,4.26%
"Nov 28, 2019",7426.70,"7,510.60","7,639.50","7,380.60",737.58K,-1.12%
"Nov 27, 2019",7510.60,"7,162.80","7,636.90","6,875.40",996.49K,4.86%
"Nov 26, 2019",7162.80,"7,115.50","7,329.50","7,045.10",844.27K,0.66%
"Nov 25, 2019",7115.60,"6,924.70","7,352.80","6,534.80",1.29M,2.76%
"Nov 24, 2019",6924.70,"7,325.00","7,344.10","6,894.90",904.50K,-5.45%
"Nov 23, 2019",7324.10,"7,271.60","7,342.50","7,093.70",783.18K,0.71%
"Nov 22, 2019",7272.50,"7,627.90","7,700.90","6,818.50",1.41M,-4.66%
"Nov 21, 2019",7627.90,"8,099.40","8,129.60","7,519.70",891.50K,-5.82%
"Nov 20, 2019",8099.30,"8,145.70","8,223.00","8,074.20",607.27K,-0.57%
"Nov 19, 2019",8145.70,"8,207.70","8,245.60","8,032.80",654.27K,-0.76%
"Nov 18, 2019",8208.40,"8,510.30","8,516.30","8,110.40",692.60K,-3.54%
"Nov 17, 2019",8509.80,"8,497.40","8,631.70","8,413.00",531.22K,0.15%
"Nov 16, 2019",8497.30,"8,476.20","8,532.80","8,450.70",471.16K,0.25%
"Nov 15, 2019",8476.30,"8,660.80","8,761.80","8,437.10",653.71K,-2.13%
"Nov 14, 2019",8661.20,"8,782.90","8,799.80","8,615.80",515.43K,-1.39%
"Nov 13, 2019",8783.10,"8,813.20","8,829.70","8,721.10",454.33K,-0.33%
"Nov 12, 2019",8812.60,"8,737.40","8,841.20","8,615.70",575.16K,0.87%
"Nov 11, 2019",8736.90,"9,036.90","9,066.40","8,649.40",601.16K,-3.32%
"Nov 10, 2019",9036.80,"8,804.70","9,092.90","8,763.50",581.57K,2.64%
"Nov 09, 2019",8804.50,"8,778.10","8,877.50","8,746.90",512.02K,0.30%
"Nov 08, 2019",8778.20,"9,223.60","9,254.80","8,722.40",791.79K,-4.83%
"Nov 07, 2019",9223.50,"9,339.20","9,367.00","9,130.00",603.54K,-1.24%
"Nov 06, 2019",9338.90,"9,311.20","9,424.60","9,262.70",578.03K,0.30%
"Nov 05, 2019",9310.80,"9,396.10","9,452.70","9,193.90",653.42K,-0.91%
"Nov 04, 2019",9396.40,"9,198.70","9,500.40","9,134.10",681.01K,2.15%
"Nov 03, 2019",9198.30,"9,300.50","9,359.10","9,095.00",536.56K,-1.10%
"Nov 02, 2019",9300.60,"9,230.30","9,356.70","9,201.20",570.74K,0.76%
"Nov 01, 2019",9230.10,"9,153.10","9,270.40","9,057.20",689.65K,0.85%
"Oct 31, 2019",9152.60,"9,157.90","9,378.90","8,959.60",798.93K,-0.06%
"Oct 30, 2019",9157.90,"9,411.30","9,411.30","9,018.40",789.73K,-2.69%
"Oct 29, 2019",9411.30,"9,206.50","9,531.30","9,125.30",918.48K,2.22%
"Oct 28, 2019",9207.20,"9,530.10","9,866.90","9,202.50",1.04M,-3.38%
"Oct 27, 2019",9529.60,"9,230.60","9,773.20","9,081.00",1.16M,3.24%
"Oct 26, 2019",9230.60,"8,658.40","10,540.00","8,061.80",1.78M,6.61%
"Oct 25, 2019",8658.30,"7,422.80","8,697.70","7,404.90",1.18M,16.65%
"Oct 24, 2019",7422.70,"7,476.80","7,501.50","7,366.30",586.49K,-0.73%
"Oct 23, 2019",7477.00,"8,031.00","8,055.00","7,329.20",892.08K,-6.90%
"Oct 22, 2019",8031.40,"8,207.40","8,289.10","8,017.70",570.39K,-2.15%
"Oct 21, 2019",8208.20,"8,224.10","8,315.30","8,155.70",489.40K,-0.18%
"Oct 20, 2019",8223.40,"7,957.40","8,288.50","7,889.60",513.91K,3.34%
"Oct 19, 2019",7957.30,"7,948.30","8,060.20","7,892.40",428.83K,0.11%
"Oct 18, 2019",7948.50,"8,073.30","8,116.40","7,842.00",505.79K,-1.55%
"Oct 17, 2019",8073.30,"8,000.40","8,118.20","7,944.40",444.95K,0.91%
"Oct 16, 2019",8000.40,"8,167.10","8,185.90","7,929.80",538.92K,-2.04%
"Oct 15, 2019",8167.20,"8,353.40","8,400.20","8,139.50",469.73K,-2.23%
"Oct 14, 2019",8353.30,"8,281.30","8,374.30","8,222.20",505.02K,0.87%
"Oct 13, 2019",8281.50,"8,304.30","8,450.20","8,190.60",419.87K,-0.28%
"Oct 12, 2019",8304.40,"8,267.60","8,394.80","8,260.90",424.02K,0.44%
"Oct 11, 2019",8267.80,"8,562.20","8,751.10","8,249.70",667.86K,-3.44%
"Oct 10, 2019",8562.30,"8,566.80","8,638.50","8,438.70",511.46K,-0.05%
"Oct 09, 2019",8566.70,"8,180.10","8,655.90","8,122.70",636.43K,4.69%
"Oct 08, 2019",8182.90,"8,198.50","8,323.10","8,118.10",469.04K,-0.19%
"Oct 07, 2019",8198.60,"7,882.60","8,293.50","7,797.00",604.74K,4.02%
"Oct 06, 2019",7881.90,"8,127.30","8,145.50","7,834.90",448.80K,-3.02%
"Oct 05, 2019",8127.30,"8,148.00","8,185.10","8,030.60",360.92K,-0.25%
"Oct 04, 2019",8148.10,"8,227.60","8,233.60","8,041.40",416.92K,-0.96%
"Oct 03, 2019",8226.90,"8,363.60","8,391.70","8,090.10",460.97K,-1.64%
"Oct 02, 2019",8364.10,"8,302.70","8,374.00","8,167.70",405.86K,0.74%
"Oct 01, 2019",8302.70,"8,285.00","8,486.20","8,187.90",533.95K,0.22%
"Sep 30, 2019",8284.30,"8,048.90","8,318.50","7,749.00",600.26K,2.92%
"Sep 29, 2019",8049.10,"8,208.00","8,226.80","7,922.10",418.48K,-1.94%
"Sep 28, 2019",8208.50,"8,184.50","8,297.20","8,031.10",457.79K,0.29%
"Sep 27, 2019",8184.90,"8,063.80","8,257.40","7,882.10",561.40K,1.50%
"Sep 26, 2019",8063.80,"8,432.50","8,463.10","7,773.60",731.03K,-4.37%
"Sep 25, 2019",8432.40,"8,512.30","8,729.80","8,245.10",696.11K,-0.96%
"Sep 24, 2019",8513.90,"9,702.70","9,793.80","8,069.40",933.16K,-12.25%
"Sep 23, 2019",9702.20,"10,031.30","10,048.80","9,656.30",431.10K,-3.28%
"Sep 22, 2019",10031.60,"9,993.00","10,075.00","9,870.90",337.06K,0.39%
"Sep 21, 2019",9993.00,"10,172.80","10,177.90","9,939.80",326.17K,-1.77%
"Sep 20, 2019",10172.70,"10,251.50","10,279.50","10,088.60",362.07K,-0.76%
"Sep 19, 2019",10250.50,"10,164.60","10,297.60","9,707.60",542.25K,0.84%
"Sep 18, 2019",10164.70,"10,195.70","10,257.50","10,119.30",318.82K,-0.30%
"Sep 17, 2019",10195.70,"10,254.60","10,273.60","10,153.50",321.64K,-0.58%
"Sep 16, 2019",10255.50,"10,311.30","10,360.50","10,108.50",372.53K,-0.54%
"Sep 15, 2019",10311.50,"10,337.30","10,360.40","10,272.00",255.79K,-0.25%
"Sep 14, 2019",10337.30,"10,342.20","10,421.40","10,253.70",326.44K,-0.05%
"Sep 13, 2019",10342.10,"10,415.20","10,441.40","10,174.10",365.52K,-0.70%
"Sep 12, 2019",10415.10,"10,162.40","10,447.90","10,051.00",413.22K,2.49%
"Sep 11, 2019",10162.50,"10,104.90","10,257.50","9,908.90",413.06K,0.57%
"Sep 10, 2019",10105.40,"10,308.70","10,379.80","9,970.70",383.22K,-1.98%
"Sep 09, 2019",10309.00,"10,402.10","10,478.00","10,095.70",473.76K,-0.90%
"Sep 08, 2019",10402.80,"10,461.60","10,578.00","10,266.30",339.73K,-0.56%
"Sep 07, 2019",10461.10,"10,306.90","10,556.40","10,302.30",393.57K,1.47%
"Sep 06, 2019",10309.30,"10,566.70","10,896.20","10,227.40",643.02K,-2.44%
"Sep 05, 2019",10566.90,"10,567.80","10,630.70","10,469.90",402.09K,-0.01%
"Sep 04, 2019",10568.20,"10,611.60","10,783.60","10,388.60",504.45K,-0.42%
"Sep 03, 2019",10612.30,"10,348.10","10,756.80","10,283.50",578.79K,2.55%
"Sep 02, 2019",10348.80,"9,728.80","10,431.50","9,720.30",542.79K,6.37%
"Sep 01, 2019",9729.30,"9,594.70","9,799.50","9,533.60",322.66K,1.41%
"Aug 31, 2019",9594.40,"9,585.50","9,677.50","9,457.30",311.49K,0.09%
"Aug 30, 2019",9585.40,"9,494.10","9,675.70","9,370.20",413.92K,0.99%
"Aug 29, 2019",9491.00,"9,729.10","9,729.10","9,343.00",509.13K,-2.45%
"Aug 28, 2019",9729.40,"10,184.70","10,271.30","9,629.60",580.29K,-4.47%
"Aug 27, 2019",10184.80,"10,372.20","10,387.60","10,060.20",419.81K,-1.80%
"Aug 26, 2019",10371.80,"10,136.00","10,568.20","10,136.00",568.77K,2.32%
"Aug 25, 2019",10136.30,"10,132.10","10,307.00","9,935.20",422.53K,0.05%
"Aug 24, 2019",10131.00,"10,389.40","10,415.90","9,917.50",463.85K,-2.48%
"Aug 23, 2019",10388.70,"10,104.90","10,434.30","9,921.40",436.26K,2.81%
"Aug 22, 2019",10105.00,"10,141.10","10,218.20","9,777.00",520.75K,-0.36%
"Aug 21, 2019",10141.50,"10,753.30","10,797.80","9,908.00",717.65K,-5.68%
"Aug 20, 2019",10752.60,"10,911.20","10,941.60","10,581.00",515.47K,-1.45%
"Aug 19, 2019",10910.70,"10,312.80","10,923.90","10,267.80",519.01K,5.80%
"Aug 18, 2019",10312.70,"10,219.30","10,494.90","10,086.70",441.11K,0.93%
"Aug 17, 2019",10218.10,"10,335.50","10,460.70","10,016.30",497.77K,-1.14%
"Aug 16, 2019",10335.60,"10,300.90","10,734.00","9,788.60",798.67K,0.31%
"Aug 15, 2019",10303.40,"10,053.30","10,448.20","9,580.10",930.05K,2.53%
"Aug 14, 2019",10049.40,"10,894.20","10,894.50","9,965.50",745.59K,-7.74%
"Aug 13, 2019",10892.90,"11,395.00","11,445.60","10,793.20",540.78K,-4.40%
"Aug 12, 2019",11394.20,"11,505.10","11,508.60","11,267.30",391.08K,-1.07%
"Aug 11, 2019",11517.20,"11,314.60","11,728.40","11,146.10",435.83K,1.79%
"Aug 10, 2019",11314.50,"12,090.50","12,185.00","11,281.60",570.74K,-6.41%
"Aug 09, 2019",12089.80,"12,190.00","12,225.30","11,885.00",558.72K,-0.84%
"Aug 08, 2019",12191.60,"12,015.90","12,236.60","11,727.00",592.15K,1.48%
"Aug 07, 2019",12013.90,"11,481.00","12,114.50","11,406.40",702.85K,4.64%
"Aug 06, 2019",11480.90,"11,817.60","12,291.90","11,237.00",807.58K,-2.84%
"Aug 05, 2019",11816.80,"10,934.80","11,922.30","10,934.80",769.63K,8.07%
"Aug 04, 2019",10934.60,"10,816.10","11,017.70","10,568.80",585.71K,1.10%
"Aug 03, 2019",10815.70,"10,519.90","10,893.60","10,504.50",508.75K,2.81%
"Aug 02, 2019",10520.10,"10,380.50","10,664.80","10,330.50",578.29K,1.35%
"Aug 01, 2019",10380.00,"10,081.90","10,459.00","9,890.60",608.37K,2.96%
"Jul 31, 2019",10082.00,"9,580.30","10,100.00","9,562.40",589.84K,5.23%
"Jul 30, 2019",9580.70,"9,580.00","9,703.00","9,483.00",511.51K,0.00%
"Jul 29, 2019",9580.90,"9,728.50","9,835.40","9,502.50",510.90K,-1.51%
"Jul 28, 2019",9727.80,"9,491.10","9,798.50","9,401.10",518.59K,2.48%
"Jul 27, 2019",9492.10,"9,830.40","10,232.30","9,389.10",661.89K,-3.45%
"Jul 26, 2019",9831.00,"9,945.20","10,436.10","9,724.20",493.75K,-1.15%
"Jul 25, 2019",9945.30,"9,804.70","10,203.50","9,776.60",545.85K,1.44%
"Jul 24, 2019",9804.30,"9,887.20","9,945.30","9,584.00",639.54K,-0.85%
"Jul 23, 2019",9888.70,"10,412.80","10,414.70","9,865.40",663.38K,-5.03%
"Jul 22, 2019",10412.50,"10,715.10","10,806.30","10,196.50",591.27K,-2.82%
"Jul 21, 2019",10714.40,"10,827.00","10,883.80","10,442.50",562.17K,-1.04%
"Jul 20, 2019",10826.70,"10,571.90","11,155.60","10,462.00",668.94K,2.41%
"Jul 19, 2019",10571.50,"10,651.60","10,758.40","10,160.70",727.79K,-0.75%
"Jul 18, 2019",10651.40,"9,723.10","10,787.10","9,390.00",974.49K,9.55%
"Jul 17, 2019",9723.20,"9,425.10","9,983.60","9,082.60",1.03M,3.17%
"Jul 16, 2019",9424.80,"10,844.00","11,019.50","9,375.30",1.05M,-13.10%
"Jul 15, 2019",10845.90,"10,199.90","11,064.70","9,885.40",956.52K,6.33%
"Jul 14, 2019",10200.10,"11,364.30","11,448.70","10,128.90",840.76K,-10.25%
"Jul 13, 2019",11364.90,"11,762.80","11,798.40","10,839.40",747.71K,-3.38%
"Jul 12, 2019",11762.10,"11,343.70","11,881.40","11,109.80",738.17K,3.70%
"Jul 11, 2019",11342.30,"12,111.60","12,111.60","11,029.00",943.13K,-6.34%
"Jul 10, 2019",12110.60,"12,542.80","13,134.40","11,594.90",1.11M,-3.44%
"Jul 09, 2019",12541.50,"12,250.60","12,772.90","12,111.20",847.84K,2.36%
"Jul 08, 2019",12252.60,"11,415.80","12,332.30","11,304.80",695.60K,7.33%
"Jul 07, 2019",11415.90,"11,267.90","11,524.60","11,108.10",601.93K,1.31%
"Jul 06, 2019",11268.00,"10,969.80","11,650.20","10,967.90",688.96K,2.71%
"Jul 05, 2019",10970.20,"11,159.70","11,381.80","10,810.30",772.67K,-1.73%
"Jul 04, 2019",11163.10,"11,899.30","11,948.00","11,087.10",840.34K,-6.20%
"Jul 03, 2019",11900.80,"10,835.90","11,931.80","10,835.90",998.73K,9.83%
"Jul 02, 2019",10835.90,"10,615.50","10,923.50","9,728.50",1.12M,2.07%
"Jul 01, 2019",10616.60,"10,821.40","11,254.50","10,041.60",1.04M,-1.87%
"Jun 30, 2019",10818.60,"11,906.00","12,179.30","10,765.40",880.77K,-9.14%
"Jun 29, 2019",11906.50,"12,408.00","12,422.90","11,490.80",834.62K,-4.05%
"Jun 28, 2019",12409.10,"11,288.40","12,461.80","10,970.50",1.09M,9.93%
"Jun 27, 2019",11287.80,"13,062.40","13,422.00","10,493.50",1.59M,-13.59%
"Jun 26, 2019",13063.80,"11,811.60","13,929.80","11,747.30",1.48M,10.62%
"Jun 25, 2019",11809.90,"11,046.60","11,833.90","11,033.70",781.09K,6.91%
"Jun 24, 2019",11046.40,"10,897.30","11,114.40","10,622.60",566.96K,1.37%
"Jun 23, 2019",10897.10,"10,721.50","11,361.30","10,557.80",683.79K,1.64%
"Jun 22, 2019",10721.70,"10,178.10","11,160.50","10,031.30",1.09M,5.33%
"Jun 21, 2019",10179.30,"9,517.70","10,184.30","9,517.40",769.12K,6.96%
"Jun 20, 2019",9517.00,"9,255.00","9,583.90","9,188.40",693.62K,2.83%
"Jun 19, 2019",9255.40,"9,080.70","9,295.10","9,044.00",587.57K,1.93%
"Jun 18, 2019",9080.60,"9,318.90","9,336.10","8,962.70",723.17K,-2.56%
"Jun 17, 2019",9318.80,"8,961.00","9,438.10","8,959.80",738.80K,3.98%
"Jun 16, 2019",8962.50,"8,812.20","9,332.00","8,771.10",849.77K,1.70%
"Jun 15, 2019",8812.50,"8,655.80","8,856.70","8,582.30",608.69K,1.81%
"Jun 14, 2019",8656.10,"8,218.60","8,685.30","8,153.20",643.17K,5.32%
"Jun 13, 2019",8219.00,"8,132.40","8,306.10","8,028.60",574.21K,1.06%
"Jun 12, 2019",8133.10,"7,888.00","8,198.10","7,805.80",607.89K,3.11%
"Jun 11, 2019",7888.00,"7,987.80","8,010.40","7,714.50",579.00K,-1.25%
"Jun 10, 2019",7987.80,"7,635.00","8,012.80","7,523.60",641.38K,4.62%
"Jun 09, 2019",7635.00,"7,901.60","7,937.50","7,516.90",554.48K,-3.37%
"Jun 08, 2019",7901.40,"7,985.30","8,044.40","7,770.50",485.81K,-1.05%
"Jun 07, 2019",7985.20,"7,785.80","8,099.40","7,749.40",588.87K,2.57%
"Jun 06, 2019",7784.90,"7,779.60","7,861.40","7,480.40",651.82K,0.08%
"Jun 05, 2019",7779.10,"7,685.60","7,885.00","7,590.40",762.94K,1.22%
"Jun 04, 2019",7685.50,"8,118.10","8,118.10","7,494.00",966.95K,-5.41%
"Jun 03, 2019",8124.80,"8,728.60","8,734.90","8,102.70",739.45K,-6.92%
"Jun 02, 2019",8728.60,"8,545.80","8,807.70","8,534.80",614.54K,2.14%
"Jun 01, 2019",8545.70,"8,556.90","8,615.80","8,454.00",686.75K,-0.15%
"May 31, 2019",8558.30,"8,271.40","8,578.80","8,135.00",858.41K,3.46%
"May 30, 2019",8271.90,"8,647.80","9,045.90","8,054.70",1.04M,-4.35%
"May 29, 2019",8647.80,"8,715.60","8,747.20","8,435.30",15.43M,-0.79%
"May 28, 2019",8716.30,"8,759.40","8,794.10","8,568.80",763.20K,-0.50%
"May 27, 2019",8760.10,"8,628.90","8,902.80","8,607.30",907.96K,1.51%
"May 26, 2019",8630.20,"8,029.60","8,718.60","7,866.50",872.12K,7.51%
"May 25, 2019",8027.40,"7,971.40","8,090.10","7,919.10",691.27K,0.72%
"May 24, 2019",7970.10,"7,852.80","8,124.10","7,775.40",868.47K,1.50%
"May 23, 2019",7852.10,"7,637.20","7,939.10","7,486.80",815.14K,2.83%
"May 22, 2019",7635.70,"7,928.70","7,999.00","7,545.90",821.40K,-3.72%
"May 21, 2019",7930.30,"7,965.00","8,056.80","7,813.20",804.88K,-0.44%
"May 20, 2019",7965.30,"8,156.40","8,156.40","7,604.00",958.81K,-2.35%
"May 19, 2019",8157.20,"7,261.90","8,253.40","7,252.30",1.08M,12.32%
"May 18, 2019",7262.60,"7,359.90","7,458.50","7,189.40",865.53K,-1.32%
"May 17, 2019",7359.50,"7,871.90","7,924.00","6,998.60",1.43M,-6.51%
"May 16, 2019",7871.80,"8,164.80","8,293.30","7,720.40",1.18M,-3.59%
"May 15, 2019",8164.60,"7,994.80","8,225.30","7,856.50",1.13M,2.13%
"May 14, 2019",7994.60,"7,806.40","8,323.90","7,674.00",1.33M,2.42%
"May 13, 2019",7806.00,"6,984.70","8,058.30","6,893.10",1.20M,11.76%
"May 12, 2019",6984.80,"7,190.00","7,518.90","6,802.60",1.35M,-2.86%
"May 11, 2019",7190.30,"6,386.60","7,373.80","6,386.50",1.31M,12.59%
"May 10, 2019",6386.00,"6,194.30","6,466.60","6,157.80",907.94K,3.14%
"May 09, 2019",6191.50,"5,990.50","6,206.00","5,990.00",799.96K,3.36%
"May 08, 2019",5990.30,"5,849.40","6,011.30","5,799.10",757.13K,2.41%
"May 07, 2019",5849.50,"5,745.50","6,019.80","5,745.50",955.88K,1.82%
"May 06, 2019",5745.10,"5,775.10","5,801.40","5,630.50",755.39K,-0.52%
"May 05, 2019",5774.90,"5,830.80","5,838.20","5,708.20",709.02K,-0.96%
"May 04, 2019",5830.90,"5,768.00","5,899.20","5,605.00",920.61K,1.11%
"May 03, 2019",5766.80,"5,493.60","5,844.20","5,478.70",1.04M,4.97%
"May 02, 2019",5493.80,"5,384.60","5,530.80","5,370.00",722.23K,2.04%
"May 01, 2019",5384.20,"5,321.10","5,396.30","5,319.50",623.64K,1.19%
"Apr 30, 2019",5320.80,"5,235.40","5,336.60","5,195.90",697.42K,1.64%
"Apr 29, 2019",5235.00,"5,302.40","5,322.90","5,188.90",775.82K,-1.27%
"Apr 28, 2019",5302.30,"5,265.70","5,332.50","5,234.40",681.41K,0.69%
"Apr 27, 2019",5265.90,"5,298.20","5,318.10","5,225.40",833.13K,-0.61%
"Apr 26, 2019",5298.30,"5,209.20","5,469.30","5,159.30",1.03M,1.71%
"Apr 25, 2019",5209.10,"5,415.60","5,528.20","5,137.40",955.36K,-3.81%
"Apr 24, 2019",5415.60,"5,511.20","5,589.60","5,346.80",994.04K,-1.74%
"Apr 23, 2019",5511.60,"5,346.50","5,594.40","5,291.40",900.00K,3.08%
"Apr 22, 2019",5346.70,"5,248.20","5,370.20","5,170.20",920.77K,1.97%
"Apr 21, 2019",5243.50,"5,290.20","5,308.20","5,189.80",811.41K,-0.88%
"Apr 20, 2019",5290.20,"5,241.00","5,327.00","5,240.20",782.32K,0.94%
"Apr 19, 2019",5241.00,"5,264.80","5,282.40","5,192.10",787.09K,-0.45%
"Apr 18, 2019",5264.70,"5,208.30","5,293.10","5,205.00",727.97K,1.08%
"Apr 17, 2019",5208.30,"5,182.10","5,230.90","5,165.50",806.52K,0.53%
"Apr 16, 2019",5180.90,"5,031.40","5,198.40","5,014.40",631.05K,2.95%
"Apr 15, 2019",5032.30,"5,135.10","5,168.00","4,964.20",688.20K,-2.00%
"Apr 14, 2019",5134.80,"5,052.00","5,153.50","5,010.70",566.38K,1.64%
"Apr 13, 2019",5051.80,"5,054.20","5,093.40","5,011.60",577.16K,-0.05%
"Apr 12, 2019",5054.20,"5,022.70","5,080.50","4,889.20",779.14K,0.63%
"Apr 11, 2019",5022.60,"5,307.70","5,337.00","4,948.00",943.49K,-5.37%
"Apr 10, 2019",5307.80,"5,158.40","5,404.10","5,142.90",837.51K,2.89%
"Apr 09, 2019",5158.40,"5,245.00","5,245.90","5,095.20",784.62K,-1.65%
"Apr 08, 2019",5245.20,"5,173.50","5,300.60","5,060.50",928.23K,1.38%
"Apr 07, 2019",5173.60,"5,046.10","5,219.50","5,033.70",841.27K,2.53%
"Apr 06, 2019",5046.20,"5,010.00","5,198.40","4,947.90",952.18K,0.72%
"Apr 05, 2019",5010.20,"4,902.50","5,029.40","4,888.30",851.72K,2.20%
"Apr 04, 2019",4902.40,"4,968.70","5,042.50","4,789.20",1.05M,-1.33%
"Apr 03, 2019",4968.70,"4,859.30","5,278.40","4,814.00",13.83M,2.25%
"Apr 02, 2019",4859.30,"4,145.10","4,899.60","4,143.50",14.77M,17.23%
"Apr 01, 2019",4145.10,"4,102.30","4,159.10","4,076.80",3.22M,1.04%
"Mar 31, 2019",4102.30,"4,111.80","4,121.90","4,082.20",2.43M,-0.23%
"Mar 30, 2019",4111.80,"4,103.70","4,138.10","4,057.10",2.55M,0.23%
"Mar 29, 2019",4102.20,"4,025.70","4,123.10","4,022.60",3.30M,1.90%
"Mar 28, 2019",4025.60,"4,041.70","4,041.70","4,008.40",2.11M,-0.40%
"Mar 27, 2019",4041.70,"3,942.80","4,043.30","3,936.20",2.78M,2.51%
"Mar 26, 2019",3942.80,"3,937.10","3,950.70","3,899.90",2.53M,0.15%
"Mar 25, 2019",3937.00,"3,994.80","4,000.50","3,897.90",2.86M,-1.44%
"Mar 24, 2019",3994.70,"4,002.60","4,005.70","3,967.00",2.04M,-0.20%
"Mar 23, 2019",4002.50,"3,990.40","4,018.20","3,980.80",2.00M,0.30%
"Mar 22, 2019",3990.40,"3,982.20","4,005.70","3,971.80",2.83M,0.21%
"Mar 21, 2019",3982.20,"4,041.20","4,064.00","3,923.80",3.88M,-1.46%
"Mar 20, 2019",4041.20,"4,017.00","4,050.00","3,985.30",3.18M,0.60%
"Mar 19, 2019",4017.00,"3,990.20","4,029.90","3,972.40",2.99M,0.67%
"Mar 18, 2019",3990.20,"3,981.50","4,032.30","3,958.50",2.62M,0.22%
"Mar 17, 2019",3981.50,"4,006.40","4,009.80","3,956.30",1.87M,-0.62%
"Mar 16, 2019",4006.40,"3,924.40","4,050.60","3,923.70",3.46M,2.09%
"Mar 15, 2019",3924.30,"3,879.00","3,935.70","3,874.80",3.11M,1.17%
"Mar 14, 2019",3879.00,"3,865.10","3,914.70","3,828.40",2.86M,0.36%
"Mar 13, 2019",3865.10,"3,885.90","3,894.70","3,847.40",2.28M,-0.54%
"Mar 12, 2019",3886.00,"3,870.30","3,900.10","3,817.10",2.90M,0.41%
"Mar 11, 2019",3870.30,"3,915.20","3,935.50","3,842.40",3.19M,-1.15%
"Mar 10, 2019",3915.20,"3,944.40","3,944.50","3,889.20",1.89M,-0.74%
"Mar 09, 2019",3944.30,"3,865.60","3,964.00","3,859.70",2.48M,2.03%
"Mar 08, 2019",3865.90,"3,875.10","3,929.00","3,810.70",2.96M,-0.24%
"Mar 07, 2019",3875.10,"3,863.10","3,907.40","3,847.90",2.60M,0.32%
"Mar 06, 2019",3863.00,"3,857.20","3,887.30","3,816.70",2.52M,0.15%
"Mar 05, 2019",3857.20,"3,715.90","3,873.20","3,705.70",3.82M,3.80%
"Mar 04, 2019",3715.90,"3,809.70","3,828.40","3,681.80",2.85M,-2.45%
"Mar 03, 2019",3809.50,"3,823.20","3,836.60","3,789.70",1.51M,-0.36%
"Mar 02, 2019",3823.10,"3,821.90","3,843.20","3,783.60",1.61M,0.03%
"Mar 01, 2019",3821.90,"3,816.70","3,855.80","3,816.40",1.74M,0.14%
"Feb 28, 2019",3816.60,"3,814.60","3,883.70","3,783.30",2.31M,0.05%
"Feb 27, 2019",3814.60,"3,810.30","3,836.40","3,701.90",2.82M,0.11%
"Feb 26, 2019",3810.30,"3,833.50","3,845.50","3,775.00",2.09M,-0.61%
"Feb 25, 2019",3833.70,"3,755.70","3,870.70","3,753.80",765.87K,2.09%
"Feb 24, 2019",3755.20,"4,120.50","4,194.20","3,738.70",977.78K,-8.86%
"Feb 23, 2019",4120.40,"3,965.20","4,152.60","3,939.40",727.85K,3.91%
"Feb 22, 2019",3965.20,"3,937.40","3,983.10","3,931.70",649.55K,0.73%
"Feb 21, 2019",3936.60,"3,972.00","4,011.50","3,909.20",668.16K,-0.90%
"Feb 20, 2019",3972.40,"3,914.30","3,983.60","3,881.20",698.01K,1.48%
"Feb 19, 2019",3914.30,"3,896.40","3,993.80","3,863.70",1.44M,0.47%
"Feb 18, 2019",3896.00,"3,664.20","3,903.70","3,655.10",933.15K,6.33%
"Feb 17, 2019",3664.20,"3,616.80","3,689.90","3,607.90",580.51K,1.31%
"Feb 16, 2019",3616.80,"3,604.70","3,641.90","3,599.70",485.63K,0.34%
"Feb 15, 2019",3604.70,"3,592.60","3,648.30","3,581.40",516.21K,0.34%
"Feb 14, 2019",3592.60,"3,611.50","3,624.50","3,580.20",498.14K,-0.52%
"Feb 13, 2019",3611.50,"3,632.00","3,663.50","3,599.20",558.02K,-0.56%
"Feb 12, 2019",3632.00,"3,631.80","3,656.40","3,594.40",545.82K,0.01%
"Feb 11, 2019",3631.80,"3,678.80","3,681.10","3,623.80",517.28K,-1.28%
"Feb 10, 2019",3679.00,"3,661.00","3,680.60","3,617.10",501.90K,0.48%
"Feb 09, 2019",3661.40,"3,661.60","3,675.30","3,633.20",454.80K,-0.01%
"Feb 08, 2019",3661.70,"3,397.30","3,721.10","3,382.50",699.23K,7.77%
"Feb 07, 2019",3397.70,"3,404.90","3,421.80","3,390.30",471.36K,-0.20%
"Feb 06, 2019",3404.30,"3,468.50","3,478.00","3,383.90",514.21K,-1.85%
"Feb 05, 2019",3468.40,"3,463.00","3,485.90","3,450.30",460.95K,0.16%
"Feb 04, 2019",3462.80,"3,459.00","3,479.70","3,437.10",503.92K,0.11%
"Feb 03, 2019",3459.10,"3,502.30","3,507.80","3,431.30",451.66K,-1.24%
"Feb 02, 2019",3502.50,"3,467.90","3,514.50","3,447.80",443.60K,1.00%
"Feb 01, 2019",3467.90,"3,437.70","3,485.70","3,415.30",481.58K,0.90%
"Jan 31, 2019",3437.20,"3,460.00","3,484.70","3,427.00",477.07K,-0.66%
"Jan 30, 2019",3460.00,"3,414.60","3,479.00","3,394.20",600.25K,1.32%
"Jan 29, 2019",3414.80,"3,442.80","3,450.10","3,368.20",585.46K,-0.81%
"Jan 28, 2019",3442.80,"3,555.80","3,561.20","3,395.70",620.85K,-3.17%
"Jan 27, 2019",3555.60,"3,570.90","3,583.20","3,509.20",464.02K,-0.43%
"Jan 26, 2019",3570.90,"3,572.00","3,652.50","3,556.10",432.55K,-0.03%
"Jan 25, 2019",3572.00,"3,574.30","3,582.60","3,542.20",448.89K,-0.06%
"Jan 24, 2019",3574.30,"3,561.40","3,587.00","3,539.70",428.60K,0.36%
"Jan 23, 2019",3561.50,"3,580.10","3,608.30","3,532.80",445.87K,-0.52%
"Jan 22, 2019",3580.10,"3,536.90","3,607.90","3,465.20",447.70K,1.23%
"Jan 21, 2019",3536.70,"3,542.70","3,561.40","3,505.40",394.17K,-0.16%
"Jan 20, 2019",3542.30,"3,676.20","3,699.10","3,503.90",563.31K,-3.68%
"Jan 19, 2019",3677.80,"3,605.80","3,715.20","3,604.10",537.06K,2.00%
"Jan 18, 2019",3605.60,"3,626.30","3,627.90","3,575.70",488.16K,-0.57%
"Jan 17, 2019",3626.40,"3,588.10","3,636.70","3,554.80",525.10K,1.07%
"Jan 16, 2019",3588.00,"3,570.60","3,644.10","3,561.40",487.34K,0.47%
"Jan 15, 2019",3571.30,"3,637.50","3,660.80","3,545.70",544.85K,-1.84%
"Jan 14, 2019",3638.10,"3,490.40","3,672.00","3,490.40",539.93K,4.24%
"Jan 13, 2019",3490.20,"3,597.30","3,617.60","3,473.20",452.79K,-2.98%
"Jan 12, 2019",3597.20,"3,616.60","3,633.90","3,561.30",435.06K,-0.53%
"Jan 11, 2019",3616.50,"3,603.30","3,655.70","3,563.10",551.64K,0.35%
"Jan 10, 2019",3603.70,"3,978.90","4,007.70","3,562.10",697.31K,-9.41%
"Jan 09, 2019",3978.00,"3,971.00","4,014.20","3,957.50",473.42K,0.17%
"Jan 08, 2019",3971.00,"3,985.80","4,070.50","3,943.10",514.08K,-0.37%
"Jan 07, 2019",3985.90,"4,004.30","4,028.00","3,945.50",500.88K,-0.45%
"Jan 06, 2019",4004.10,"3,785.70","4,034.10","3,758.50",529.89K,5.78%
"Jan 05, 2019",3785.40,"3,802.80","3,846.70","3,769.00",468.45K,-0.46%
"Jan 04, 2019",3802.70,"3,780.50","3,823.90","3,720.00",488.70K,0.60%
"Jan 03, 2019",3780.10,"3,874.10","3,875.80","3,753.00",450.32K,-2.42%
"Jan 02, 2019",3873.80,"3,809.70","3,894.80","3,768.10",554.47K,1.69%
"Jan 01, 2019",3809.40,"3,709.50","3,814.30","3,664.40",469.11K,2.69%
"Dec 31, 2018",3709.40,"3,815.10","3,819.60","3,658.80",545.83K,-2.77%
"Dec 30, 2018",3815.00,"3,708.20","3,837.70","3,682.50",519.17K,2.92%
"Dec 29, 2018",3706.80,"3,861.60","3,899.60","3,696.00",505.41K,-4.01%
"Dec 28, 2018",3861.60,"3,587.10","3,900.30","3,565.50",565.24K,7.66%
"Dec 27, 2018",3586.90,"3,793.40","3,822.60","3,560.80",543.44K,-5.45%
"Dec 26, 2018",3793.70,"3,762.80","3,841.90","3,680.30",567.11K,0.83%
"Dec 25, 2018",3762.50,"4,025.60","4,030.70","3,676.50",670.94K,-6.55%
"Dec 24, 2018",4026.10,"3,944.50","4,208.20","3,941.90",716.29K,2.07%
"Dec 23, 2018",3944.40,"3,964.30","4,037.10","3,904.60",572.21K,-0.50%
"Dec 22, 2018",3964.40,"3,850.90","3,977.20","3,803.70",554.59K,2.95%
"Dec 21, 2018",3850.90,"4,075.20","4,153.10","3,786.90",748.76K,-5.52%
"Dec 20, 2018",4076.00,"3,687.20","4,140.30","3,665.80",958.58K,10.55%
"Dec 19, 2018",3687.10,"3,668.10","3,924.70","3,647.50",792.40K,0.52%
"Dec 18, 2018",3668.00,"3,526.00","3,683.10","3,456.90",698.53K,4.02%
"Dec 17, 2018",3526.10,"3,248.30","3,597.40","3,243.10",534.78K,8.57%
"Dec 16, 2018",3247.90,"3,228.60","3,305.00","3,225.90",335.69K,0.60%
"Dec 15, 2018",3228.70,"3,247.80","3,282.30","3,177.00",332.95K,-0.59%
"Dec 14, 2018",3247.80,"3,315.40","3,336.60","3,199.10",445.56K,-2.04%
"Dec 13, 2018",3315.30,"3,466.20","3,474.40","3,284.80",435.89K,-4.35%
"Dec 12, 2018",3466.10,"3,390.20","3,510.20","3,379.40",391.17K,1.72%
"Dec 11, 2018",3407.70,"3,460.40","3,485.90","3,349.90",418.53K,-1.53%
"Dec 10, 2018",3460.50,"3,566.90","3,622.40","3,412.70",394.49K,-3.00%
"Dec 09, 2018",3567.50,"3,430.30","3,677.60","3,424.20",327.93K,4.00%
"Dec 08, 2018",3430.40,"3,422.30","3,507.70","3,302.90",424.40K,0.24%
"Dec 07, 2018",3422.20,"3,508.90","3,626.60","3,251.80",639.33K,-2.46%
"Dec 06, 2018",3508.60,"3,771.40","3,887.20","3,505.70",467.54K,-6.97%
"Dec 05, 2018",3771.60,"3,958.10","3,974.10","3,765.20",341.60K,-4.72%
"Dec 04, 2018",3958.50,"3,899.90","4,082.90","3,809.30",326.71K,1.56%
"Dec 03, 2018",3897.80,"4,160.30","4,177.00","3,839.90",355.10K,-6.31%
"Dec 02, 2018",4160.40,"4,196.20","4,316.10","4,105.30",298.63K,-0.85%
"Dec 01, 2018",4196.20,"4,038.70","4,299.10","3,967.10",316.30K,3.87%
"Nov 30, 2018",4039.70,"4,296.80","4,340.60","3,954.50",444.52K,-5.98%
"Nov 29, 2018",4296.50,"4,265.50","4,440.10","4,140.60",414.46K,0.73%
"Nov 28, 2018",4265.40,"3,866.40","4,391.80","3,866.40",533.04K,10.32%
"Nov 27, 2018",3866.50,"3,840.30","3,920.60","3,687.80",457.27K,0.77%
"Nov 26, 2018",3837.00,"4,061.00","4,179.00","3,679.80",571.04K,-5.54%
"Nov 25, 2018",4062.20,"3,920.30","4,198.40","3,634.20",619.95K,3.62%
"Nov 24, 2018",3920.40,"4,397.30","4,494.60","3,821.50",382.72K,-10.86%
"Nov 23, 2018",4398.00,"4,360.90","4,455.60","4,223.70",348.99K,0.96%
"Nov 22, 2018",4356.00,"4,646.40","4,695.70","4,346.70",261.85K,-6.09%
"Nov 21, 2018",4638.70,"4,523.00","4,743.70","4,393.00",412.74K,2.52%
"Nov 20, 2018",4524.60,"4,883.60","5,013.40","4,272.30",714.08K,-7.36%
"Nov 19, 2018",4883.80,"5,660.40","5,662.50","4,831.10",478.26K,-13.69%
"Nov 18, 2018",5658.30,"5,621.00","5,727.90","5,615.50",158.68K,0.65%
"Nov 17, 2018",5621.80,"5,636.20","5,645.50","5,561.40",156.51K,-0.26%
"Nov 16, 2018",5636.20,"5,723.50","5,747.70","5,539.70",224.12K,-1.45%
"Nov 15, 2018",5718.90,"5,854.00","5,878.50","5,384.10",375.86K,-2.11%
"Nov 14, 2018",5842.40,"6,428.90","6,453.30","5,619.20",438.21K,-9.13%
"Nov 13, 2018",6429.20,"6,435.00","6,466.80","6,386.70",137.60K,-0.09%
"Nov 12, 2018",6435.00,"6,445.00","6,475.90","6,409.40",130.16K,-0.17%
"Nov 11, 2018",6446.10,"6,427.10","6,451.70","6,359.00",127.40K,0.30%
"Nov 10, 2018",6427.10,"6,411.90","6,461.70","6,411.70",115.87K,0.24%
"Nov 09, 2018",6412.00,"6,473.80","6,496.10","6,390.00",151.60K,-0.96%
"Nov 08, 2018",6474.00,"6,565.30","6,577.30","6,466.30",159.30K,-1.39%
"Nov 07, 2018",6565.30,"6,503.10","6,594.30","6,502.00",170.76K,0.96%
"Nov 06, 2018",6502.80,"6,460.40","6,509.60","6,441.60",154.87K,0.67%
"Nov 05, 2018",6459.70,"6,478.20","6,489.20","6,431.70",128.51K,-0.29%
"Nov 04, 2018",6478.20,"6,386.20","6,508.90","6,359.70",128.76K,1.44%
"Nov 03, 2018",6386.20,"6,424.50","6,429.50","6,346.20",112.84K,-0.60%
"Nov 02, 2018",6424.70,"6,400.50","6,444.30","6,390.90",135.87K,0.38%
"Nov 01, 2018",6400.50,"6,365.90","6,421.80","6,354.20",124.16K,0.54%
"Oct 31, 2018",6365.90,"6,327.90","6,405.70","6,257.80",129.06K,0.64%
"Oct 30, 2018",6325.70,"6,336.70","6,469.90","6,316.50",128.21K,-0.15%
"Oct 29, 2018",6335.00,"6,486.10","6,498.40","6,310.50",160.52K,-2.33%
"Oct 28, 2018",6486.10,"6,494.60","6,502.20","6,461.20",93.97K,-0.12%
"Oct 27, 2018",6494.20,"6,510.00","6,534.00","6,473.70",76.72K,-0.24%
"Oct 26, 2018",6510.00,"6,507.00","6,570.50","6,498.50",97.17K,0.05%
"Oct 25, 2018",6507.00,"6,532.50","6,544.80","6,491.50",97.43K,-0.36%
"Oct 24, 2018",6530.70,"6,531.20","6,593.80","6,522.60",98.74K,0.03%
"Oct 23, 2018",6528.70,"6,558.60","6,573.60","6,500.50",108.86K,-0.41%
"Oct 22, 2018",6555.80,"6,583.00","6,612.70","6,529.50",101.57K,-0.41%
"Oct 21, 2018",6583.00,"6,575.90","6,643.10","6,568.00",92.94K,0.16%
"Oct 20, 2018",6572.20,"6,511.70","6,593.70","6,495.90",97.77K,0.92%
"Oct 19, 2018",6512.00,"6,576.40","6,603.20","6,506.90",121.44K,-0.94%
"Oct 18, 2018",6574.10,"6,690.10","6,736.30","6,530.60",134.15K,-1.68%
"Oct 17, 2018",6686.60,"6,718.90","6,745.90","6,637.80",136.71K,-0.28%
"Oct 16, 2018",6705.30,"6,712.40","6,836.70","6,645.40",155.85K,0.08%
"Oct 15, 2018",6699.80,"6,326.80","7,358.40","6,300.20",443.33K,5.90%
"Oct 14, 2018",6326.80,"6,321.60","6,390.90","6,300.00",99.38K,0.08%
"Oct 13, 2018",6321.70,"6,291.30","6,329.30","6,282.80",94.45K,0.48%
"Oct 12, 2018",6291.30,"6,239.20","6,344.80","6,206.80",147.40K,0.84%
"Oct 11, 2018",6239.10,"6,618.00","6,622.50","6,206.20",245.28K,-5.72%
"Oct 10, 2018",6618.00,"6,650.60","6,653.50","6,526.00",101.93K,-0.49%
"Oct 09, 2018",6650.80,"6,669.60","6,678.90","6,613.30",80.79K,-0.28%
"Oct 08, 2018",6669.60,"6,611.00","6,699.50","6,589.90",119.68K,0.89%
"Oct 07, 2018",6611.00,"6,596.30","6,633.90","6,523.80",77.06K,0.22%
"Oct 06, 2018",6596.30,"6,639.10","6,661.50","6,550.40",9.18M,-0.65%
"Oct 05, 2018",6639.10,"6,584.20","6,682.30","6,537.60",9.34M,0.83%
"Oct 04, 2018",6584.20,"6,509.20","6,653.00","6,487.80",9.31M,1.17%
"Oct 03, 2018",6507.80,"6,549.90","6,563.50","6,429.60",9.21M,-0.64%
"Oct 02, 2018",6549.90,"6,608.20","6,645.70","6,034.90",9.34M,-0.88%
"Oct 01, 2018",6608.20,"6,635.20","6,674.70","6,072.70",9.19M,-0.41%
"Sep 30, 2018",6635.20,"6,603.90","6,673.90","6,533.50",9.34M,0.47%
"Sep 29, 2018",6603.90,"6,633.90","6,648.40","6,464.40",9.42M,-0.48%
"Sep 28, 2018",6636.00,"6,685.70","6,809.20","6,538.60",9.57M,-0.79%
"Sep 27, 2018",6689.20,"6,463.70","6,738.30","6,428.80",9.34M,3.42%
"Sep 26, 2018",6468.10,"6,443.00","6,551.90","6,384.10",8.64M,0.36%
"Sep 25, 2018",6445.10,"6,590.60","6,590.60","5,977.00",7.34M,-2.11%
"Sep 24, 2018",6584.10,"6,713.30","6,728.10","6,559.10",7.57M,-1.79%
"Sep 23, 2018",6704.10,"6,729.60","6,789.40","6,666.40",7.34M,-0.38%
"Sep 22, 2018",6729.60,"6,766.70","6,833.30","6,635.50",7.31M,-0.55%
"Sep 21, 2018",6766.70,"6,490.90","6,780.50","6,489.80",7.73M,4.28%
"Sep 20, 2018",6489.20,"6,390.40","6,537.50","6,346.40",5.18M,1.55%
"Sep 19, 2018",6390.40,"6,342.00","6,478.70","6,144.50",3.54M,0.76%
"Sep 18, 2018",6342.00,"6,251.90","6,388.80","6,228.80",2.82M,1.44%
"Sep 17, 2018",6251.90,"6,500.20","6,533.50","6,215.90",3.26M,-3.82%
"Sep 16, 2018",6500.20,"6,519.00","6,520.80","6,406.20",3.34M,-0.29%
"Sep 15, 2018",6519.00,"6,482.60","6,562.90","6,470.30",3.16M,0.54%
"Sep 14, 2018",6483.70,"6,482.90","6,579.40","6,412.10",3.20M,0.01%
"Sep 13, 2018",6482.90,"6,338.00","6,867.30","6,337.80",3.53M,2.29%
"Sep 12, 2018",6338.00,"6,293.90","6,353.50","6,204.50",3.04M,0.70%
"Sep 11, 2018",6293.90,"6,320.70","6,391.80","6,189.60",3.30M,-0.43%
"Sep 10, 2018",6321.00,"6,238.50","6,358.50","6,237.30",3.11M,1.32%
"Sep 09, 2018",6238.50,"6,184.30","6,432.60","6,148.80",2.84M,0.88%
"Sep 08, 2018",6184.30,"6,390.90","6,484.30","6,132.30",3.46M,-3.23%
"Sep 07, 2018",6390.90,"6,514.10","6,540.60","6,316.20",3.30M,-1.89%
"Sep 06, 2018",6514.00,"6,706.80","6,732.90","6,337.80",4.02M,-2.87%
"Sep 05, 2018",6706.80,"7,377.50","7,407.50","6,691.80",4.55M,-9.09%
"Sep 04, 2018",7377.50,"7,264.20","7,409.90","7,234.50",3.92M,1.56%
"Sep 03, 2018",7264.20,"7,289.80","7,330.70","7,182.80",3.87M,-0.41%
"Sep 02, 2018",7293.90,"7,189.60","7,334.80","7,117.30",3.90M,1.45%
"Sep 01, 2018",7189.60,"7,032.40","7,264.30","7,020.40",3.52M,2.21%
"Aug 31, 2018",7033.80,"6,993.70","7,080.20","6,698.00",4.21M,0.57%
"Aug 30, 2018",6993.70,"7,029.20","7,050.20","6,798.00",3.74M,-0.50%
"Aug 29, 2018",7029.10,"7,074.60","7,121.40","6,926.70",4.11M,-0.64%
"Aug 28, 2018",7074.60,"6,897.60","7,129.70","6,861.20",3.79M,2.57%
"Aug 27, 2018",6897.60,"6,712.70","6,902.90","6,650.40",3.26M,2.75%
"Aug 26, 2018",6712.70,"6,734.90","6,892.70","6,573.10",3.37M,-0.33%
"Aug 25, 2018",6734.80,"6,680.60","6,783.40","6,655.30",3.59M,0.81%
"Aug 24, 2018",6680.40,"6,521.20","6,721.20","6,472.80",3.70M,2.44%
"Aug 23, 2018",6521.20,"6,359.90","6,550.20","6,359.20",2.76M,2.54%
"Aug 22, 2018",6359.60,"6,482.20","6,840.80","6,304.80",3.63M,-1.89%
"Aug 21, 2018",6482.20,"6,268.10","6,484.10","6,257.40",1.46M,3.41%
"Aug 20, 2018",6268.10,"6,474.20","6,516.40","6,255.90",3.10M,-3.29%
"Aug 19, 2018",6481.50,"6,379.10","6,534.80","6,316.00",2.71M,1.61%
"Aug 18, 2018",6379.10,"6,581.80","6,626.40","6,295.50",3.15M,-3.08%
"Aug 17, 2018",6581.70,"6,306.70","6,581.70","6,291.80",3.20M,4.36%
"Aug 16, 2018",6306.70,"6,256.90","6,470.90","6,249.80",3.50M,0.80%
"Aug 15, 2018",6256.90,"6,190.20","6,592.80","6,177.90",3.74M,1.08%
"Aug 14, 2018",6190.20,"6,255.30","6,255.30","5,898.30",3.66M,-1.04%
"Aug 13, 2018",6255.30,"6,313.00","6,524.10","6,159.60",234.09K,-0.91%
"Aug 12, 2018",6313.00,"6,232.10","6,453.00","6,169.80",216.33K,1.31%
"Aug 11, 2018",6231.60,"6,152.80","6,469.60","6,009.80",247.34K,1.29%
"Aug 10, 2018",6152.30,"6,539.50","6,570.20","6,043.40",298.82K,-5.91%
"Aug 09, 2018",6538.80,"6,283.70","6,620.20","6,197.00",237.66K,4.06%
"Aug 08, 2018",6283.60,"6,725.20","6,725.20","6,138.80",311.54K,-6.56%
"Aug 07, 2018",6724.90,"6,943.60","7,149.70","6,689.90",232.48K,-3.15%
"Aug 06, 2018",6943.60,"7,027.80","7,143.60","6,852.50",168.87K,-1.19%
"Aug 05, 2018",7027.10,"7,014.00","7,087.60","6,887.90",177.64K,0.18%
"Aug 04, 2018",7014.30,"7,418.90","7,484.20","6,949.70",222.57K,-5.46%
"Aug 03, 2018",7419.00,"7,535.60","7,535.60","7,293.50",226.46K,-1.55%
"Aug 02, 2018",7535.60,"7,606.40","7,701.40","7,470.60",216.34K,-0.93%
"Aug 01, 2018",7606.40,"7,728.50","7,753.20","7,449.20",237.69K,-1.59%
"Jul 31, 2018",7729.40,"8,176.40","8,176.50","7,649.80",266.94K,-5.48%
"Jul 30, 2018",8177.10,"8,214.70","8,262.00","7,874.40",242.21K,-0.47%
"Jul 29, 2018",8215.60,"8,231.50","8,275.40","8,113.30",155.24K,-0.22%
"Jul 28, 2018",8234.10,"8,186.80","8,234.10","8,077.40",147.14K,0.57%
"Jul 27, 2018",8187.40,"7,936.90","8,273.80","7,808.30",243.22K,3.15%
"Jul 26, 2018",7937.00,"8,173.90","8,304.30","7,861.00",235.45K,-2.90%
"Jul 25, 2018",8173.70,"8,404.90","8,484.60","8,062.10",269.23K,-2.78%
"Jul 24, 2018",8407.00,"7,723.10","8,479.80","7,701.90",345.32K,8.86%
"Jul 23, 2018",7723.00,"7,412.40","7,809.60","7,379.20",272.15K,4.19%
"Jul 22, 2018",7412.30,"7,409.00","7,575.30","7,343.70",204.16K,0.05%
"Jul 21, 2018",7408.70,"7,339.30","7,460.80","7,223.50",160.77K,0.95%
"Jul 20, 2018",7339.40,"7,477.60","7,683.60","7,292.00",258.85K,-1.85%
"Jul 19, 2018",7477.50,"7,383.90","7,558.40","7,288.80",247.25K,1.27%
"Jul 18, 2018",7383.60,"7,321.60","7,581.20","7,249.30",333.32K,0.84%
"Jul 17, 2018",7322.00,"6,729.80","7,453.20","6,666.00",337.75K,8.80%
"Jul 16, 2018",6729.90,"6,362.80","6,749.20","6,344.10",312.12K,5.77%
"Jul 15, 2018",6362.90,"6,254.80","6,399.60","6,238.50",180.67K,1.73%
"Jul 14, 2018",6254.80,"6,229.50","6,313.50","6,192.50",243.71K,0.40%
"Jul 13, 2018",6230.20,"6,250.80","6,333.80","6,144.50",233.22K,-0.33%
"Jul 12, 2018",6250.60,"6,389.10","6,389.40","6,088.80",289.24K,-2.17%
"Jul 11, 2018",6389.10,"6,307.20","6,409.70","6,296.60",243.82K,1.30%
"Jul 10, 2018",6307.20,"6,668.40","6,686.80","6,291.50",315.27K,-5.40%
"Jul 09, 2018",6667.10,"6,715.10","6,793.80","6,637.70",289.48K,-0.71%
"Jul 08, 2018",6714.80,"6,765.40","6,784.00","6,694.30",267.60K,-0.75%
"Jul 07, 2018",6765.50,"6,617.70","6,805.90","6,531.10",114.57K,2.23%
"Jul 06, 2018",6617.70,"6,546.50","6,638.20","6,458.30",132.69K,1.09%
"Jul 05, 2018",6546.50,"6,598.00","6,693.60","6,466.10",166.18K,-0.79%
"Jul 04, 2018",6598.40,"6,513.80","6,774.50","6,442.30",143.04K,1.30%
"Jul 03, 2018",6513.50,"6,618.60","6,676.60","6,513.50",150.19K,-1.60%
"Jul 02, 2018",6619.50,"6,349.10","6,680.00","6,275.00",179.92K,3.97%
"Jul 01, 2018",6366.80,"6,398.50","6,445.10","6,284.70",128.51K,-0.50%
"Jun 30, 2018",6398.90,"6,213.40","6,498.50","6,204.00",189.33K,2.99%
"Jun 29, 2018",6213.30,"5,883.20","6,284.90","5,818.50",206.96K,5.61%
"Jun 28, 2018",5883.50,"6,154.90","6,178.40","5,854.00",156.05K,-4.41%
"Jun 27, 2018",6154.90,"6,081.10","6,187.30","6,025.40",133.42K,1.20%
"Jun 26, 2018",6082.10,"6,256.90","6,267.70","6,060.00",176.66K,-2.79%
"Jun 25, 2018",6256.60,"6,155.10","6,331.20","6,101.70",210.69K,1.66%
"Jun 24, 2018",6154.60,"6,167.90","6,248.30","5,785.30",240.60K,-0.21%
"Jun 23, 2018",6167.30,"6,055.20","6,259.00","6,032.80",142.90K,1.84%
"Jun 22, 2018",6055.70,"6,728.20","6,739.70","5,955.00",278.22K,-9.99%
"Jun 21, 2018",6728.00,"6,765.80","6,797.50","6,695.10",99.29K,-0.55%
"Jun 20, 2018",6765.40,"6,752.30","6,812.70","6,575.10",121.48K,0.19%
"Jun 19, 2018",6752.40,"6,719.80","6,839.50","6,681.50",120.54K,0.49%
"Jun 18, 2018",6719.80,"6,460.50","6,794.50","6,410.90",135.70K,4.02%
"Jun 17, 2018",6460.30,"6,505.80","6,593.00","6,452.10",90.67K,-0.70%
"Jun 16, 2018",6505.80,"6,410.00","6,564.20","6,358.00",108.79K,1.49%
"Jun 15, 2018",6410.30,"6,647.30","6,655.80","6,395.70",143.53K,-3.56%
"Jun 14, 2018",6647.10,"6,312.30","6,711.50","6,283.60",201.54K,5.30%
"Jun 13, 2018",6312.30,"6,558.50","6,624.60","6,129.10",237.48K,-3.75%
"Jun 12, 2018",6558.20,"6,885.90","6,887.20","6,476.00",178.26K,-4.76%
"Jun 11, 2018",6885.90,"6,775.20","6,910.80","6,657.20",174.88K,1.64%
"Jun 10, 2018",6775.10,"7,515.80","7,516.30","6,668.10",275.69K,-9.85%
"Jun 09, 2018",7515.80,"7,622.10","7,689.00","7,493.30",97.56K,-1.40%
"Jun 08, 2018",7622.10,"7,697.90","7,710.50","7,556.90",112.88K,-0.98%
"Jun 07, 2018",7697.80,"7,661.00","7,754.70","7,657.70",124.00K,0.48%
"Jun 06, 2018",7661.00,"7,631.50","7,699.10","7,504.40",130.66K,0.39%
"Jun 05, 2018",7631.50,"7,507.40","7,672.60","7,391.00",145.23K,1.69%
"Jun 04, 2018",7504.30,"7,729.30","7,759.90","7,468.40",141.01K,-2.91%
"Jun 03, 2018",7729.30,"7,646.60","7,775.00","7,611.30",116.68K,1.08%
"Jun 02, 2018",7646.60,"7,530.80","7,694.50","7,467.90",121.18K,1.54%
"Jun 01, 2018",7530.80,"7,502.50","7,610.40","7,375.80",135.92K,0.38%
"May 31, 2018",7502.60,"7,400.80","7,611.90","7,355.00",144.52K,1.39%
"May 30, 2018",7400.10,"7,469.20","7,565.20","7,306.80",140.37K,-0.91%
"May 29, 2018",7467.70,"7,119.30","7,533.00","7,069.80",186.97K,4.89%
"May 28, 2018",7119.30,"7,367.30","7,446.90","7,090.60",152.29K,-3.36%
"May 27, 2018",7366.70,"7,361.90","7,411.80","7,267.50",103.29K,0.07%
"May 26, 2018",7361.30,"7,478.50","7,619.30","7,331.50",103.07K,-1.56%
"May 25, 2018",7477.70,"7,593.90","7,653.40","7,355.60",161.82K,-1.52%
"May 24, 2018",7592.90,"7,512.30","7,736.60","7,293.40",211.11K,1.07%
"May 23, 2018",7512.30,"8,005.70","8,047.40","7,467.60",237.60K,-6.17%
"May 22, 2018",8006.00,"8,403.80","8,414.50","7,979.30",137.51K,-4.73%
"May 21, 2018",8403.30,"8,529.50","8,550.60","8,375.50",115.52K,-1.47%
"May 20, 2018",8529.00,"8,243.90","8,580.40","8,184.70",113.76K,3.44%
"May 19, 2018",8245.10,"8,244.70","8,389.10","8,153.20",107.89K,-0.01%
"May 18, 2018",8245.70,"8,064.40","8,273.60","7,939.80",150.32K,2.27%
"May 17, 2018",8063.00,"8,344.60","8,458.70","8,022.30",154.36K,-3.37%
"May 16, 2018",8344.40,"8,477.00","8,496.40","8,120.10",188.03K,-1.56%
"May 15, 2018",8477.00,"8,674.00","8,842.10","8,436.50",179.62K,-2.27%
"May 14, 2018",8674.10,"8,693.40","8,878.30","8,305.10",212.05K,-0.22%
"May 13, 2018",8693.50,"8,489.10","8,758.40","8,330.00",149.80K,2.77%
"May 12, 2018",8459.50,"8,409.60","8,646.10","8,184.10",210.87K,0.61%
"May 11, 2018",8408.30,"9,026.00","9,028.70","8,359.60",270.62K,-6.84%
"May 10, 2018",9025.70,"9,319.20","9,393.30","9,013.40",152.71K,-3.15%
"May 09, 2018",9319.10,"9,194.90","9,377.90","8,988.00",147.89K,1.33%
"May 08, 2018",9196.40,"9,373.90","9,404.40","9,079.80",157.45K,-2.49%
"May 07, 2018",9431.60,"9,651.10","9,675.60","9,204.20",165.08K,-2.33%
"May 06, 2018",9656.40,"9,859.60","9,957.70","9,446.70",150.95K,-2.00%
"May 05, 2018",9853.50,"9,709.50","9,992.80","9,691.30",158.45K,1.49%
"May 04, 2018",9708.60,"9,747.60","9,800.90","9,549.00",161.55K,-0.42%
"May 03, 2018",9749.70,"9,244.20","9,809.40","9,171.40",201.18K,5.48%
"May 02, 2018",9243.20,"9,076.80","9,265.70","8,991.90",137.48K,1.85%
"May 01, 2018",9074.90,"9,245.10","9,245.10","8,851.00",173.35K,-1.84%
"Apr 30, 2018",9245.10,"9,415.80","9,456.70","9,135.40",156.83K,-1.80%
"Apr 29, 2018",9415.10,"9,352.20","9,565.10","9,182.80",184.72K,0.67%
"Apr 28, 2018",9352.40,"8,940.80","9,428.90","8,895.50",199.78K,4.60%
"Apr 27, 2018",8940.90,"9,282.80","9,386.30","8,920.20",184.91K,-3.73%
"Apr 26, 2018",9287.00,"8,874.50","9,303.60","8,669.80",248.39K,4.67%
"Apr 25, 2018",8873.10,"9,645.00","9,753.10","8,768.10",395.67K,-8.01%
"Apr 24, 2018",9645.30,"8,952.70","9,734.80","8,937.00",260.79K,7.73%
"Apr 23, 2018",8952.80,"8,809.30","9,001.00","8,785.30",147.54K,1.66%
"Apr 22, 2018",8806.70,"8,923.60","9,022.30","8,766.50",161.89K,-1.30%
"Apr 21, 2018",8923.10,"8,867.00","9,027.70","8,614.50",206.01K,0.63%
"Apr 20, 2018",8867.00,"8,292.30","8,926.20","8,224.50",225.96K,6.95%
"Apr 19, 2018",8290.80,"8,179.00","8,303.70","8,126.70",155.08K,1.37%
"Apr 18, 2018",8178.40,"7,908.50","8,227.60","7,895.30",163.26K,3.41%
"Apr 17, 2018",7908.60,"8,070.00","8,171.70","7,852.80",162.59K,-2.00%
"Apr 16, 2018",8070.00,"8,362.20","8,412.90","7,908.50",197.70K,-3.51%
"Apr 15, 2018",8363.60,"8,004.60","8,411.50","8,004.60",160.26K,4.49%
"Apr 14, 2018",8004.40,"7,891.10","8,180.20","7,839.30",164.71K,1.48%
"Apr 13, 2018",7887.40,"7,926.90","8,228.00","7,756.60",296.95K,-0.49%
"Apr 12, 2018",7926.60,"6,963.30","8,009.60","6,779.30",398.30K,13.85%
"Apr 11, 2018",6962.10,"6,855.60","6,988.60","6,818.40",142.07K,1.56%
"Apr 10, 2018",6854.80,"6,782.60","6,899.50","6,671.60",134.23K,1.08%
"Apr 09, 2018",6781.90,"7,035.70","7,192.50","6,633.20",241.19K,-3.54%
"Apr 08, 2018",7030.50,"6,905.90","7,113.40","6,903.90",132.51K,1.81%
"Apr 07, 2018",6905.70,"6,624.50","7,071.90","6,616.10",177.10K,4.25%
"Apr 06, 2018",6624.30,"6,783.70","6,859.70","6,523.40",174.90K,-2.33%
"Apr 05, 2018",6782.00,"6,808.70","6,918.20","6,592.50",221.70K,-0.40%
"Apr 04, 2018",6808.90,"7,423.80","7,432.90","6,726.90",239.51K,-8.29%
"Apr 03, 2018",7424.20,"7,067.20","7,519.30","7,032.90",230.80K,5.03%
"Apr 02, 2018",7068.40,"6,825.40","7,121.30","6,787.60",199.31K,3.56%
"Apr 01, 2018",6825.20,"6,939.10","7,047.70","6,460.10",257.53K,-1.63%
"Mar 31, 2018",6938.20,"6,856.50","7,221.50","6,804.90",245.30K,1.23%
"Mar 30, 2018",6853.70,"7,132.40","7,288.10","6,603.80",417.31K,-3.86%
"Mar 29, 2018",7129.20,"7,955.20","7,980.70","6,954.90",348.75K,-10.38%
"Mar 28, 2018",7954.90,"7,803.00","8,110.40","7,754.50",167.36K,1.96%
"Mar 27, 2018",7801.70,"8,146.50","8,218.30","7,760.60",223.10K,-4.20%
"Mar 26, 2018",8143.50,"8,474.00","8,515.70","7,865.90",247.18K,-3.89%
"Mar 25, 2018",8473.20,"8,549.10","8,679.00","8,392.20",149.52K,-0.87%
"Mar 24, 2018",8547.40,"8,917.30","9,008.80","8,523.60",177.43K,-4.14%
"Mar 23, 2018",8916.80,"8,725.30","8,917.00","8,305.60",210.11K,2.18%
"Mar 22, 2018",8726.20,"8,903.70","9,096.20","8,499.10",223.01K,-2.02%
"Mar 21, 2018",8905.90,"8,912.40","9,173.40","8,775.10",218.19K,-0.08%
"Mar 20, 2018",8912.60,"8,614.10","9,039.60","8,326.80",253.44K,3.43%
"Mar 19, 2018",8616.80,"8,200.90","8,698.30","8,127.70",316.96K,5.07%
"Mar 18, 2018",8201.20,"7,873.20","8,283.60","7,323.30",348.02K,4.14%
"Mar 17, 2018",7874.90,"8,198.00","8,344.80","7,760.20",208.05K,-5.00%
